"trait","Alleles","maf","Segregating_Families","P.value_STP_2017","effect_STP_2017","percent_variation_explained_STP_2017","P.value_STP_2018","effect_STP_2018","percent_variation_explained_STP_2018","P.value_TLI_2017","effect_TLI_2017","percent_variation_explained_TLI_2017","P.value_TLI_2018","effect_TLI_2018","percent_variation_explained_TLI_2018","SNP"
"emergence_percent","T/C",0.11,"",3.93,-0.07,3.65,NA,NA,NA,NA,NA,NA,NA,NA,NA,"Chr02_163115345"
"emergence_percent","T/C",0.16,"26, 38, 39, 45, 55, 63",NA,NA,NA,3.66,0.05,0.84,NA,NA,NA,NA,NA,NA,"Chr02_178305818"
"emergence_percent","C/T",0.02,"38",NA,NA,NA,NA,NA,NA,5.2,0.18,1.44,NA,NA,NA,"Chr02_245307556"
"emergence_percent","A/G",0.05,"36, 39",NA,NA,NA,3.87,-0.07,1.44,NA,NA,NA,NA,NA,NA,"Chr05_327412330"
"emergence_percent","C/G",0.05,"39, 63",3.68,-0.07,1.63,NA,NA,NA,NA,NA,NA,NA,NA,NA,"Chr05_392431630"
"emergence_percent","T/C",0.44,"07, 15, 26, 36, 38, 39, 45, 46, 55, 63",4.27,0.03,2.34,9.53,0.06,3.27,NA,NA,NA,NA,NA,NA,"Chr06_27073072"
"emergence_percent","G/T",0.34,"07, 15, 38, 45, 46, 55",NA,NA,NA,7.1,-0.06,1.05,NA,NA,NA,NA,NA,NA,"Chr06_445976596"
"emergence_percent","A/G",0.26,"07, 36, 39, 45, 46, 63",NA,NA,NA,NA,NA,NA,NA,NA,NA,4.36,-0.06,2.41,"Chr09_131144770"
"emergence_percent","G/A",0.05,"39, 55",NA,NA,NA,3.87,-0.07,0.58,NA,NA,NA,NA,NA,NA,"Chr11_193858632"
"emergence_percent","A/G",0.13,"26, 39, 45, 55, 63",NA,NA,NA,3.75,0.05,0.91,NA,NA,NA,NA,NA,NA,"Chr12_347517636"
"emergence_percent","C/T",0.13,"15, 38, 39",NA,NA,NA,NA,NA,NA,3.66,-0.08,0.82,NA,NA,NA,"Chr13_347308338"
"emergence_percent","G/C",0.47,"07, 15, 26, 36, 38, 39, 45, 46, 55, 63",NA,NA,NA,NA,NA,NA,3.82,-0.05,1.67,NA,NA,NA,"Chr16_326253169"
"emergence_percent","G/C",0.36,"07, 15, 26, 36, 38, 39, 45, 46, 55, 63",NA,NA,NA,NA,NA,NA,4.25,-0.05,2,3.81,-0.04,2.01,"Chr17_317374690"
"emergence_percent","G/A",0.05,"36, 38",NA,NA,NA,4.79,-0.08,1.7,NA,NA,NA,NA,NA,NA,"Chr18_112460873"
"emergence_percent","G/C",0.16,"07, 36, 38, 39, 45, 55",NA,NA,NA,NA,NA,NA,5.17,0.07,1.76,NA,NA,NA,"Chr18_550223545"
"emergence_percent","T/A",0.19,"07, 36, 38, 46, 63",NA,NA,NA,3.7,-0.05,2.46,NA,NA,NA,NA,NA,NA,"Chr21_75063069"
"emergence_percent","C/T",0.02,"07, 15",NA,NA,NA,NA,NA,NA,NA,NA,NA,4,0.1,0.78,"Chr21_121306193"
"anthesis_score","C/T",0.02,"38",NA,NA,NA,NA,NA,NA,5.47,0.79,2.82,NA,NA,NA,"Chr02_245307556"
"anthesis_score","G/A",0.15,"07, 38, 45, 46",NA,NA,NA,NA,NA,NA,3.93,0.3,2.03,NA,NA,NA,"Chr02_391596222"
"anthesis_score","T/C",0.15,"26, 39, 45, 46, 55, 63",NA,NA,NA,3.81,0.26,1.53,NA,NA,NA,NA,NA,NA,"Chr04_266676626"
"anthesis_score","T/C",0.12,"45, 46, 55",NA,NA,NA,NA,NA,NA,4.48,-0.35,3.15,NA,NA,NA,"Chr05_152472752"
"anthesis_score","C/T",0.02,"26",5.96,0.75,2.91,NA,NA,NA,NA,NA,NA,NA,NA,NA,"Chr05_269372528"
"anthesis_score","G/C",0.25,"15, 26, 36, 38, 39, 45, 46",NA,NA,NA,4.11,-0.25,1.77,NA,NA,NA,NA,NA,NA,"Chr05_426524999"
"anthesis_score","T/C",0.44,"07, 15, 26, 36, 38, 39, 45, 46, 55, 63",NA,NA,NA,10.02,0.32,4.08,NA,NA,NA,NA,NA,NA,"Chr06_27073072"
"anthesis_score","G/T",0.34,"07, 15, 38, 45, 46, 55",NA,NA,NA,6.37,-0.32,0.76,NA,NA,NA,NA,NA,NA,"Chr06_445976596"
"anthesis_score","G/T",0.45,"07, 15, 26, 36, 38, 39, 45, 46, 55, 63",NA,NA,NA,NA,NA,NA,NA,NA,NA,5.58,0.28,2.07,"Chr06_470381731"
"anthesis_score","C/T",0.4,"07, 15, 26, 36, 38, 39, 45, 46, 55, 63",NA,NA,NA,NA,NA,NA,NA,NA,NA,3.65,0.28,0.54,"Chr06_507506304"
"anthesis_score","C/T",0.05,"39, 55",NA,NA,NA,4.25,-0.44,0.08,NA,NA,NA,NA,NA,NA,"Chr07_315344031"
"anthesis_score","T/C",0.05,"07, 46",NA,NA,NA,NA,NA,NA,4.12,-0.49,0.93,NA,NA,NA,"Chr08_202486528"
"anthesis_score","C/T",0.02,"46",NA,NA,NA,NA,NA,NA,4.48,0.65,0.99,NA,NA,NA,"Chr09_183303350"
"anthesis_score","C/T",0.03,"07",NA,NA,NA,NA,NA,NA,NA,NA,NA,3.67,0.72,0,"Chr09_265159585"
"anthesis_score","G/A",0.04,"39, 55",NA,NA,NA,4.94,-0.46,0.52,NA,NA,NA,NA,NA,NA,"Chr11_193858632"
"anthesis_score","T/C",0.05,"26, 55",3.76,0.36,0.4,NA,NA,NA,NA,NA,NA,NA,NA,NA,"Chr16_34501928"
"anthesis_score","G/A",0.39,"07, 15, 26, 36, 38, 39, 45, 46, 55, 63",NA,NA,NA,NA,NA,NA,3.89,0.2,2.37,NA,NA,NA,"Chr16_397627839"
"anthesis_score","G/C",0.36,"07, 15, 26, 36, 38, 39, 45, 46, 55, 63",NA,NA,NA,NA,NA,NA,5.32,-0.24,1.9,NA,NA,NA,"Chr17_317374690"
"anthesis_score","G/A",0.05,"36, 38",4.05,-0.41,1.78,NA,NA,NA,NA,NA,NA,NA,NA,NA,"Chr18_112460873"
"anthesis_score","G/C",0.16,"07, 36, 38, 39, 45, 55",NA,NA,NA,NA,NA,NA,4.85,0.27,1.95,NA,NA,NA,"Chr18_550223545"
"anthesis_score","T/C",0.03,"07",NA,NA,NA,NA,NA,NA,NA,NA,NA,4.27,0.78,1.85,"Chr19_484430789"
"anthesis_score","C/T",0.07,"15, 39, 45",4.78,0.38,1.98,NA,NA,NA,NA,NA,NA,NA,NA,NA,"Chr19_762292265"
"anthesis_score","C/T",0.11,"15, 45, 55",3.73,0.35,0.5,NA,NA,NA,NA,NA,NA,NA,NA,NA,"Chr20_193202832"
"anthesis_score","G/A",0.12,"26, 36, 38, 55, 63",3.98,-0.28,2.52,NA,NA,NA,NA,NA,NA,NA,NA,NA,"Chr21_33179355"
"anthesis_score","T/A",0.19,"07, 36, 38, 46, 63",NA,NA,NA,4.76,-0.34,3.06,NA,NA,NA,NA,NA,NA,"Chr21_75063069"
"anthesis_score","G/C",0.3,"07, 36, 38, 39",4.36,0.33,3.8,NA,NA,NA,NA,NA,NA,NA,NA,NA,"Chr21_131911561"
