STATION,NAME,LATITUDE,LONGITUDE,ELEVATION,DATE,PRCP,TMAX,TMIN,PRCP_ACC
USC00218450,"UNIVERSITY OF MN ST. PAUL, MN US",44.9902,-93.17995,295.7,1/1/17,0,26,18,0
USC00218450,"UNIVERSITY OF MN ST. PAUL, MN US",44.9902,-93.17995,295.7,1/2/17,0,31,20,0
USC00218450,"UNIVERSITY OF MN ST. PAUL, MN US",44.9902,-93.17995,295.7,1/3/17,0.01,30,25,0.01
USC00218450,"UNIVERSITY OF MN ST. PAUL, MN US",44.9902,-93.17995,295.7,1/4/17,0,25,-6,0.01
USC00218450,"UNIVERSITY OF MN ST. PAUL, MN US",44.9902,-93.17995,295.7,1/5/17,0.01,2,-8,0.02
USC00218450,"UNIVERSITY OF MN ST. PAUL, MN US",44.9902,-93.17995,295.7,1/6/17,0,0,-11,0.02
USC00218450,"UNIVERSITY OF MN ST. PAUL, MN US",44.9902,-93.17995,295.7,1/7/17,0,5,-11,0.02
USC00218450,"UNIVERSITY OF MN ST. PAUL, MN US",44.9902,-93.17995,295.7,1/8/17,0,7,-5,0.02
USC00218450,"UNIVERSITY OF MN ST. PAUL, MN US",44.9902,-93.17995,295.7,1/9/17,0,17,-5,0.02
USC00218450,"UNIVERSITY OF MN ST. PAUL, MN US",44.9902,-93.17995,295.7,1/10/17,0.16,25,15,0.18
USC00218450,"UNIVERSITY OF MN ST. PAUL, MN US",44.9902,-93.17995,295.7,1/11/17,0.22,25,2,0.4
USC00218450,"UNIVERSITY OF MN ST. PAUL, MN US",44.9902,-93.17995,295.7,1/12/17,0.04,8,2,0.44
USC00218450,"UNIVERSITY OF MN ST. PAUL, MN US",44.9902,-93.17995,295.7,1/13/17,0,12,-10,0.44
USC00218450,"UNIVERSITY OF MN ST. PAUL, MN US",44.9902,-93.17995,295.7,1/14/17,0,8,-9,0.44
USC00218450,"UNIVERSITY OF MN ST. PAUL, MN US",44.9902,-93.17995,295.7,1/15/17,0,22,2,0.44
USC00218450,"UNIVERSITY OF MN ST. PAUL, MN US",44.9902,-93.17995,295.7,1/16/17,0,32,3,0.44
USC00218450,"UNIVERSITY OF MN ST. PAUL, MN US",44.9902,-93.17995,295.7,1/17/17,0.27,30,11,0.71
USC00218450,"UNIVERSITY OF MN ST. PAUL, MN US",44.9902,-93.17995,295.7,1/18/17,0,34,25,0.71
USC00218450,"UNIVERSITY OF MN ST. PAUL, MN US",44.9902,-93.17995,295.7,1/19/17,0,40,26,0.71
USC00218450,"UNIVERSITY OF MN ST. PAUL, MN US",44.9902,-93.17995,295.7,1/20/17,0,37,29,0.71
USC00218450,"UNIVERSITY OF MN ST. PAUL, MN US",44.9902,-93.17995,295.7,1/21/17,0,35,33,0.71
USC00218450,"UNIVERSITY OF MN ST. PAUL, MN US",44.9902,-93.17995,295.7,1/22/17,0.02,36,33,0.73
USC00218450,"UNIVERSITY OF MN ST. PAUL, MN US",44.9902,-93.17995,295.7,1/23/17,0,38,32,0.73
USC00218450,"UNIVERSITY OF MN ST. PAUL, MN US",44.9902,-93.17995,295.7,1/24/17,0,33,29,0.73
USC00218450,"UNIVERSITY OF MN ST. PAUL, MN US",44.9902,-93.17995,295.7,1/25/17,0.06,31,28,0.79
USC00218450,"UNIVERSITY OF MN ST. PAUL, MN US",44.9902,-93.17995,295.7,1/26/17,0.01,28,26,0.8
USC00218450,"UNIVERSITY OF MN ST. PAUL, MN US",44.9902,-93.17995,295.7,1/27/17,0,27,18,0.8
USC00218450,"UNIVERSITY OF MN ST. PAUL, MN US",44.9902,-93.17995,295.7,1/28/17,0,29,17,0.8
USC00218450,"UNIVERSITY OF MN ST. PAUL, MN US",44.9902,-93.17995,295.7,1/29/17,0,25,22,0.8
USC00218450,"UNIVERSITY OF MN ST. PAUL, MN US",44.9902,-93.17995,295.7,1/30/17,0.02,26,14,0.82
USC00218450,"UNIVERSITY OF MN ST. PAUL, MN US",44.9902,-93.17995,295.7,1/31/17,0.11,39,18,0.93
USC00218450,"UNIVERSITY OF MN ST. PAUL, MN US",44.9902,-93.17995,295.7,2/1/17,0.01,36,14,0.94
USC00218450,"UNIVERSITY OF MN ST. PAUL, MN US",44.9902,-93.17995,295.7,2/2/17,0,16,6,0.94
USC00218450,"UNIVERSITY OF MN ST. PAUL, MN US",44.9902,-93.17995,295.7,2/3/17,0,16,6,0.94
USC00218450,"UNIVERSITY OF MN ST. PAUL, MN US",44.9902,-93.17995,295.7,2/4/17,0,32,5,0.94
USC00218450,"UNIVERSITY OF MN ST. PAUL, MN US",44.9902,-93.17995,295.7,2/5/17,0,33,17,0.94
USC00218450,"UNIVERSITY OF MN ST. PAUL, MN US",44.9902,-93.17995,295.7,2/6/17,0,24,16,0.94
USC00218450,"UNIVERSITY OF MN ST. PAUL, MN US",44.9902,-93.17995,295.7,2/7/17,0,30,17,0.94
USC00218450,"UNIVERSITY OF MN ST. PAUL, MN US",44.9902,-93.17995,295.7,2/8/17,0.01,24,0,0.95
USC00218450,"UNIVERSITY OF MN ST. PAUL, MN US",44.9902,-93.17995,295.7,2/9/17,0,12,-2,0.95
USC00218450,"UNIVERSITY OF MN ST. PAUL, MN US",44.9902,-93.17995,295.7,2/10/17,0,19,1,0.95
USC00218450,"UNIVERSITY OF MN ST. PAUL, MN US",44.9902,-93.17995,295.7,2/11/17,0,44,19,0.95
USC00218450,"UNIVERSITY OF MN ST. PAUL, MN US",44.9902,-93.17995,295.7,2/12/17,0.02,43,29,0.97
USC00218450,"UNIVERSITY OF MN ST. PAUL, MN US",44.9902,-93.17995,295.7,2/13/17,0,37,27,0.97
USC00218450,"UNIVERSITY OF MN ST. PAUL, MN US",44.9902,-93.17995,295.7,2/14/17,0,45,27,0.97
USC00218450,"UNIVERSITY OF MN ST. PAUL, MN US",44.9902,-93.17995,295.7,2/15/17,0,40,18,0.97
USC00218450,"UNIVERSITY OF MN ST. PAUL, MN US",44.9902,-93.17995,295.7,2/16/17,0,34,18,0.97
USC00218450,"UNIVERSITY OF MN ST. PAUL, MN US",44.9902,-93.17995,295.7,2/17/17,0,39,28,0.97
USC00218450,"UNIVERSITY OF MN ST. PAUL, MN US",44.9902,-93.17995,295.7,2/18/17,0,61,30,0.97
USC00218450,"UNIVERSITY OF MN ST. PAUL, MN US",44.9902,-93.17995,295.7,2/19/17,0,57,31,0.97
USC00218450,"UNIVERSITY OF MN ST. PAUL, MN US",44.9902,-93.17995,295.7,2/20/17,0,56,33,0.97
USC00218450,"UNIVERSITY OF MN ST. PAUL, MN US",44.9902,-93.17995,295.7,2/21/17,0.66,53,33,1.63
USC00218450,"UNIVERSITY OF MN ST. PAUL, MN US",44.9902,-93.17995,295.7,2/22/17,0,61,31,1.63
USC00218450,"UNIVERSITY OF MN ST. PAUL, MN US",44.9902,-93.17995,295.7,2/23/17,0,56,30,1.63
USC00218450,"UNIVERSITY OF MN ST. PAUL, MN US",44.9902,-93.17995,295.7,2/24/17,0,35,23,1.63
USC00218450,"UNIVERSITY OF MN ST. PAUL, MN US",44.9902,-93.17995,295.7,2/25/17,0,25,13,1.63
USC00218450,"UNIVERSITY OF MN ST. PAUL, MN US",44.9902,-93.17995,295.7,2/26/17,0,30,13,1.63
USC00218450,"UNIVERSITY OF MN ST. PAUL, MN US",44.9902,-93.17995,295.7,2/27/17,0,35,22,1.63
USC00218450,"UNIVERSITY OF MN ST. PAUL, MN US",44.9902,-93.17995,295.7,2/28/17,0,43,22,1.63
USC00218450,"UNIVERSITY OF MN ST. PAUL, MN US",44.9902,-93.17995,295.7,3/1/17,0.04,43,24,1.67
USC00218450,"UNIVERSITY OF MN ST. PAUL, MN US",44.9902,-93.17995,295.7,3/2/17,0.01,34,16,1.68
USC00218450,"UNIVERSITY OF MN ST. PAUL, MN US",44.9902,-93.17995,295.7,3/3/17,0,27,10,1.68
USC00218450,"UNIVERSITY OF MN ST. PAUL, MN US",44.9902,-93.17995,295.7,3/4/17,0,29,10,1.68
USC00218450,"UNIVERSITY OF MN ST. PAUL, MN US",44.9902,-93.17995,295.7,3/5/17,0,40,25,1.68
USC00218450,"UNIVERSITY OF MN ST. PAUL, MN US",44.9902,-93.17995,295.7,3/6/17,0,56,35,1.68
USC00218450,"UNIVERSITY OF MN ST. PAUL, MN US",44.9902,-93.17995,295.7,3/7/17,0.08,61,26,1.76
USC00218450,"UNIVERSITY OF MN ST. PAUL, MN US",44.9902,-93.17995,295.7,3/8/17,0,45,23,1.76
USC00218450,"UNIVERSITY OF MN ST. PAUL, MN US",44.9902,-93.17995,295.7,3/9/17,0,31,21,1.76
USC00218450,"UNIVERSITY OF MN ST. PAUL, MN US",44.9902,-93.17995,295.7,3/10/17,0,27,3,1.76
USC00218450,"UNIVERSITY OF MN ST. PAUL, MN US",44.9902,-93.17995,295.7,3/11/17,0,16,2,1.76
USC00218450,"UNIVERSITY OF MN ST. PAUL, MN US",44.9902,-93.17995,295.7,3/12/17,0,20,6,1.76
USC00218450,"UNIVERSITY OF MN ST. PAUL, MN US",44.9902,-93.17995,295.7,3/13/17,0.11,28,12,1.87
USC00218450,"UNIVERSITY OF MN ST. PAUL, MN US",44.9902,-93.17995,295.7,3/14/17,0,29,12,1.87
USC00218450,"UNIVERSITY OF MN ST. PAUL, MN US",44.9902,-93.17995,295.7,3/15/17,0,32,11,1.87
USC00218450,"UNIVERSITY OF MN ST. PAUL, MN US",44.9902,-93.17995,295.7,3/16/17,0,30,11,1.87
USC00218450,"UNIVERSITY OF MN ST. PAUL, MN US",44.9902,-93.17995,295.7,3/17/17,0,40,20,1.87
USC00218450,"UNIVERSITY OF MN ST. PAUL, MN US",44.9902,-93.17995,295.7,3/18/17,0,42,28,1.87
USC00218450,"UNIVERSITY OF MN ST. PAUL, MN US",44.9902,-93.17995,295.7,3/19/17,0,40,28,1.87
USC00218450,"UNIVERSITY OF MN ST. PAUL, MN US",44.9902,-93.17995,295.7,3/20/17,0,52,29,1.87
USC00218450,"UNIVERSITY OF MN ST. PAUL, MN US",44.9902,-93.17995,295.7,3/21/17,0,53,26,1.87
USC00218450,"UNIVERSITY OF MN ST. PAUL, MN US",44.9902,-93.17995,295.7,3/22/17,0,33,18,1.87
USC00218450,"UNIVERSITY OF MN ST. PAUL, MN US",44.9902,-93.17995,295.7,3/23/17,0,38,19,1.87
USC00218450,"UNIVERSITY OF MN ST. PAUL, MN US",44.9902,-93.17995,295.7,3/24/17,0.18,38,35,2.05
USC00218450,"UNIVERSITY OF MN ST. PAUL, MN US",44.9902,-93.17995,295.7,3/25/17,0,42,35,2.05
USC00218450,"UNIVERSITY OF MN ST. PAUL, MN US",44.9902,-93.17995,295.7,3/26/17,0.12,40,34,2.17
USC00218450,"UNIVERSITY OF MN ST. PAUL, MN US",44.9902,-93.17995,295.7,3/27/17,0,41,34,2.17
USC00218450,"UNIVERSITY OF MN ST. PAUL, MN US",44.9902,-93.17995,295.7,3/28/17,0,56,31,2.17
USC00218450,"UNIVERSITY OF MN ST. PAUL, MN US",44.9902,-93.17995,295.7,3/29/17,0,61,32,2.17
USC00218450,"UNIVERSITY OF MN ST. PAUL, MN US",44.9902,-93.17995,295.7,3/30/17,0.04,48,37,2.21
USC00218450,"UNIVERSITY OF MN ST. PAUL, MN US",44.9902,-93.17995,295.7,3/31/17,0,46,30,2.21
USC00218450,"UNIVERSITY OF MN ST. PAUL, MN US",44.9902,-93.17995,295.7,4/1/17,0,54,30,2.21
USC00218450,"UNIVERSITY OF MN ST. PAUL, MN US",44.9902,-93.17995,295.7,4/2/17,0,63,34,2.21
USC00218450,"UNIVERSITY OF MN ST. PAUL, MN US",44.9902,-93.17995,295.7,4/3/17,0,53,43,2.21
USC00218450,"UNIVERSITY OF MN ST. PAUL, MN US",44.9902,-93.17995,295.7,4/4/17,0.05,49,42,2.26
USC00218450,"UNIVERSITY OF MN ST. PAUL, MN US",44.9902,-93.17995,295.7,4/5/17,0,59,36,2.26
USC00218450,"UNIVERSITY OF MN ST. PAUL, MN US",44.9902,-93.17995,295.7,4/6/17,0,52,33,2.26
USC00218450,"UNIVERSITY OF MN ST. PAUL, MN US",44.9902,-93.17995,295.7,4/7/17,0,52,29,2.26
USC00218450,"UNIVERSITY OF MN ST. PAUL, MN US",44.9902,-93.17995,295.7,4/8/17,0,58,32,2.26
USC00218450,"UNIVERSITY OF MN ST. PAUL, MN US",44.9902,-93.17995,295.7,4/9/17,0,69,47,2.26
USC00218450,"UNIVERSITY OF MN ST. PAUL, MN US",44.9902,-93.17995,295.7,4/10/17,0.21,70,42,2.47
USC00218450,"UNIVERSITY OF MN ST. PAUL, MN US",44.9902,-93.17995,295.7,4/11/17,0.38,43,29,2.85
USC00218450,"UNIVERSITY OF MN ST. PAUL, MN US",44.9902,-93.17995,295.7,4/12/17,0,50,30,2.85
USC00218450,"UNIVERSITY OF MN ST. PAUL, MN US",44.9902,-93.17995,295.7,4/13/17,0.21,54,42,3.06
USC00218450,"UNIVERSITY OF MN ST. PAUL, MN US",44.9902,-93.17995,295.7,4/14/17,0,52,43,3.06
USC00218450,"UNIVERSITY OF MN ST. PAUL, MN US",44.9902,-93.17995,295.7,4/15/17,0.5,62,46,3.56
USC00218450,"UNIVERSITY OF MN ST. PAUL, MN US",44.9902,-93.17995,295.7,4/16/17,0.38,70,45,3.94
USC00218450,"UNIVERSITY OF MN ST. PAUL, MN US",44.9902,-93.17995,295.7,4/17/17,0,62,42,3.94
USC00218450,"UNIVERSITY OF MN ST. PAUL, MN US",44.9902,-93.17995,295.7,4/18/17,0,56,42,3.94
USC00218450,"UNIVERSITY OF MN ST. PAUL, MN US",44.9902,-93.17995,295.7,4/19/17,0.24,62,42,4.18
USC00218450,"UNIVERSITY OF MN ST. PAUL, MN US",44.9902,-93.17995,295.7,4/20/17,0.85,50,38,5.03
USC00218450,"UNIVERSITY OF MN ST. PAUL, MN US",44.9902,-93.17995,295.7,4/21/17,0,48,35,5.03
USC00218450,"UNIVERSITY OF MN ST. PAUL, MN US",44.9902,-93.17995,295.7,4/22/17,0,60,39,5.03
USC00218450,"UNIVERSITY OF MN ST. PAUL, MN US",44.9902,-93.17995,295.7,4/23/17,0,67,44,5.03
USC00218450,"UNIVERSITY OF MN ST. PAUL, MN US",44.9902,-93.17995,295.7,4/24/17,0,66,45,5.03
USC00218450,"UNIVERSITY OF MN ST. PAUL, MN US",44.9902,-93.17995,295.7,4/25/17,0,70,51,5.03
USC00218450,"UNIVERSITY OF MN ST. PAUL, MN US",44.9902,-93.17995,295.7,4/26/17,0.86,59,34,5.89
USC00218450,"UNIVERSITY OF MN ST. PAUL, MN US",44.9902,-93.17995,295.7,4/27/17,0,38,30,5.89
USC00218450,"UNIVERSITY OF MN ST. PAUL, MN US",44.9902,-93.17995,295.7,4/28/17,0,35,30,5.89
USC00218450,"UNIVERSITY OF MN ST. PAUL, MN US",44.9902,-93.17995,295.7,4/29/17,0,48,34,5.89
USC00218450,"UNIVERSITY OF MN ST. PAUL, MN US",44.9902,-93.17995,295.7,4/30/17,0,53,37,5.89
USC00218450,"UNIVERSITY OF MN ST. PAUL, MN US",44.9902,-93.17995,295.7,5/1/17,0.98,45,34,6.87
USC00218450,"UNIVERSITY OF MN ST. PAUL, MN US",44.9902,-93.17995,295.7,5/2/17,0.3,39,32,7.17
USC00218450,"UNIVERSITY OF MN ST. PAUL, MN US",44.9902,-93.17995,295.7,5/3/17,0,60,39,7.17
USC00218450,"UNIVERSITY OF MN ST. PAUL, MN US",44.9902,-93.17995,295.7,5/4/17,0,64,43,7.17
USC00218450,"UNIVERSITY OF MN ST. PAUL, MN US",44.9902,-93.17995,295.7,5/5/17,0,67,44,7.17
USC00218450,"UNIVERSITY OF MN ST. PAUL, MN US",44.9902,-93.17995,295.7,5/6/17,0,77,41,7.17
USC00218450,"UNIVERSITY OF MN ST. PAUL, MN US",44.9902,-93.17995,295.7,5/7/17,0,66,44,7.17
USC00218450,"UNIVERSITY OF MN ST. PAUL, MN US",44.9902,-93.17995,295.7,5/8/17,0,65,44,7.17
USC00218450,"UNIVERSITY OF MN ST. PAUL, MN US",44.9902,-93.17995,295.7,5/9/17,0.2,69,46,7.37
USC00218450,"UNIVERSITY OF MN ST. PAUL, MN US",44.9902,-93.17995,295.7,5/10/17,0.01,70,48,7.38
USC00218450,"UNIVERSITY OF MN ST. PAUL, MN US",44.9902,-93.17995,295.7,5/11/17,0,66,46,7.38
USC00218450,"UNIVERSITY OF MN ST. PAUL, MN US",44.9902,-93.17995,295.7,5/12/17,0,66,44,7.38
USC00218450,"UNIVERSITY OF MN ST. PAUL, MN US",44.9902,-93.17995,295.7,5/13/17,0,75,48,7.38
USC00218450,"UNIVERSITY OF MN ST. PAUL, MN US",44.9902,-93.17995,295.7,5/14/17,0,80,54,7.38
USC00218450,"UNIVERSITY OF MN ST. PAUL, MN US",44.9902,-93.17995,295.7,5/15/17,0,83,61,7.38
USC00218450,"UNIVERSITY OF MN ST. PAUL, MN US",44.9902,-93.17995,295.7,5/16/17,0.63,69,58,8.01
USC00218450,"UNIVERSITY OF MN ST. PAUL, MN US",44.9902,-93.17995,295.7,5/17/17,0.94,81,62,8.95
USC00218450,"UNIVERSITY OF MN ST. PAUL, MN US",44.9902,-93.17995,295.7,5/18/17,1.89,69,46,10.84
USC00218450,"UNIVERSITY OF MN ST. PAUL, MN US",44.9902,-93.17995,295.7,5/19/17,0.02,53,42,10.86
USC00218450,"UNIVERSITY OF MN ST. PAUL, MN US",44.9902,-93.17995,295.7,5/20/17,0,53,42,10.86
USC00218450,"UNIVERSITY OF MN ST. PAUL, MN US",44.9902,-93.17995,295.7,5/21/17,1.32,50,40,12.18
USC00218450,"UNIVERSITY OF MN ST. PAUL, MN US",44.9902,-93.17995,295.7,5/22/17,0.06,50,43,12.24
USC00218450,"UNIVERSITY OF MN ST. PAUL, MN US",44.9902,-93.17995,295.7,5/23/17,0.04,64,48,12.28
USC00218450,"UNIVERSITY OF MN ST. PAUL, MN US",44.9902,-93.17995,295.7,5/24/17,0.03,60,45,12.31
USC00218450,"UNIVERSITY OF MN ST. PAUL, MN US",44.9902,-93.17995,295.7,5/25/17,0,61,47,12.31
USC00218450,"UNIVERSITY OF MN ST. PAUL, MN US",44.9902,-93.17995,295.7,5/26/17,0.04,70,52,12.35
USC00218450,"UNIVERSITY OF MN ST. PAUL, MN US",44.9902,-93.17995,295.7,5/27/17,0,80,52,12.35
USC00218450,"UNIVERSITY OF MN ST. PAUL, MN US",44.9902,-93.17995,295.7,5/28/17,0,72,56,12.35
USC00218450,"UNIVERSITY OF MN ST. PAUL, MN US",44.9902,-93.17995,295.7,5/29/17,0.05,73,52,12.4
USC00218450,"UNIVERSITY OF MN ST. PAUL, MN US",44.9902,-93.17995,295.7,5/30/17,0.03,64,51,12.43
USC00218450,"UNIVERSITY OF MN ST. PAUL, MN US",44.9902,-93.17995,295.7,5/31/17,0,59,49,12.43
USC00218450,"UNIVERSITY OF MN ST. PAUL, MN US",44.9902,-93.17995,295.7,6/1/17,0,73,45,12.43
USC00218450,"UNIVERSITY OF MN ST. PAUL, MN US",44.9902,-93.17995,295.7,6/2/17,0,79,56,12.43
USC00218450,"UNIVERSITY OF MN ST. PAUL, MN US",44.9902,-93.17995,295.7,6/3/17,0,88,64,12.43
USC00218450,"UNIVERSITY OF MN ST. PAUL, MN US",44.9902,-93.17995,295.7,6/4/17,0,89,62,12.43
USC00218450,"UNIVERSITY OF MN ST. PAUL, MN US",44.9902,-93.17995,295.7,6/5/17,0,87,57,12.43
USC00218450,"UNIVERSITY OF MN ST. PAUL, MN US",44.9902,-93.17995,295.7,6/6/17,0,84,53,12.43
USC00218450,"UNIVERSITY OF MN ST. PAUL, MN US",44.9902,-93.17995,295.7,6/7/17,0,80,58,12.43
USC00218450,"UNIVERSITY OF MN ST. PAUL, MN US",44.9902,-93.17995,295.7,6/8/17,0.01,86,66,12.44
USC00218450,"UNIVERSITY OF MN ST. PAUL, MN US",44.9902,-93.17995,295.7,6/9/17,0,81,60,12.44
USC00218450,"UNIVERSITY OF MN ST. PAUL, MN US",44.9902,-93.17995,295.7,6/10/17,0,83,65,12.44
USC00218450,"UNIVERSITY OF MN ST. PAUL, MN US",44.9902,-93.17995,295.7,6/11/17,0,93,70,12.44
USC00218450,"UNIVERSITY OF MN ST. PAUL, MN US",44.9902,-93.17995,295.7,6/12/17,0.89,73,55,13.33
USC00218450,"UNIVERSITY OF MN ST. PAUL, MN US",44.9902,-93.17995,295.7,6/13/17,0.32,80,64,13.65
USC00218450,"UNIVERSITY OF MN ST. PAUL, MN US",44.9902,-93.17995,295.7,6/14/17,0.21,88,66,13.86
USC00218450,"UNIVERSITY OF MN ST. PAUL, MN US",44.9902,-93.17995,295.7,6/15/17,0,83,66,13.86
USC00218450,"UNIVERSITY OF MN ST. PAUL, MN US",44.9902,-93.17995,295.7,6/16/17,0,84,63,13.86
USC00218450,"UNIVERSITY OF MN ST. PAUL, MN US",44.9902,-93.17995,295.7,6/17/17,0,83,61,13.86
USC00218450,"UNIVERSITY OF MN ST. PAUL, MN US",44.9902,-93.17995,295.7,6/18/17,0.24,82,59,14.1
USC00218450,"UNIVERSITY OF MN ST. PAUL, MN US",44.9902,-93.17995,295.7,6/19/17,0,71,59,14.1
USC00218450,"UNIVERSITY OF MN ST. PAUL, MN US",44.9902,-93.17995,295.7,6/20/17,0.17,71,57,14.27
USC00218450,"UNIVERSITY OF MN ST. PAUL, MN US",44.9902,-93.17995,295.7,6/21/17,0,73,55,14.27
USC00218450,"UNIVERSITY OF MN ST. PAUL, MN US",44.9902,-93.17995,295.7,6/22/17,0.11,80,62,14.38
USC00218450,"UNIVERSITY OF MN ST. PAUL, MN US",44.9902,-93.17995,295.7,6/23/17,0.48,70,56,14.86
USC00218450,"UNIVERSITY OF MN ST. PAUL, MN US",44.9902,-93.17995,295.7,6/24/17,0,70,52,14.86
USC00218450,"UNIVERSITY OF MN ST. PAUL, MN US",44.9902,-93.17995,295.7,6/25/17,0,64,52,14.86
USC00218450,"UNIVERSITY OF MN ST. PAUL, MN US",44.9902,-93.17995,295.7,6/26/17,0.03,66,48,14.89
USC00218450,"UNIVERSITY OF MN ST. PAUL, MN US",44.9902,-93.17995,295.7,6/27/17,0,69,51,14.89
USC00218450,"UNIVERSITY OF MN ST. PAUL, MN US",44.9902,-93.17995,295.7,6/28/17,0.54,75,56,15.43
USC00218450,"UNIVERSITY OF MN ST. PAUL, MN US",44.9902,-93.17995,295.7,6/29/17,0.11,79,61,15.54
USC00218450,"UNIVERSITY OF MN ST. PAUL, MN US",44.9902,-93.17995,295.7,6/30/17,0.05,74,58,15.59
USC00218450,"UNIVERSITY OF MN ST. PAUL, MN US",44.9902,-93.17995,295.7,7/1/17,0,77,60,15.59
USC00218450,"UNIVERSITY OF MN ST. PAUL, MN US",44.9902,-93.17995,295.7,7/2/17,0,74,63,15.59
USC00218450,"UNIVERSITY OF MN ST. PAUL, MN US",44.9902,-93.17995,295.7,7/3/17,0,78,57,15.59
USC00218450,"UNIVERSITY OF MN ST. PAUL, MN US",44.9902,-93.17995,295.7,7/4/17,0,81,64,15.59
USC00218450,"UNIVERSITY OF MN ST. PAUL, MN US",44.9902,-93.17995,295.7,7/5/17,0.1,85,66,15.69
USC00218450,"UNIVERSITY OF MN ST. PAUL, MN US",44.9902,-93.17995,295.7,7/6/17,0,90,72,15.69
USC00218450,"UNIVERSITY OF MN ST. PAUL, MN US",44.9902,-93.17995,295.7,7/7/17,0,91,65,15.69
USC00218450,"UNIVERSITY OF MN ST. PAUL, MN US",44.9902,-93.17995,295.7,7/8/17,0,80,57,15.69
USC00218450,"UNIVERSITY OF MN ST. PAUL, MN US",44.9902,-93.17995,295.7,7/9/17,0,80,65,15.69
USC00218450,"UNIVERSITY OF MN ST. PAUL, MN US",44.9902,-93.17995,295.7,7/10/17,0,82,67,15.69
USC00218450,"UNIVERSITY OF MN ST. PAUL, MN US",44.9902,-93.17995,295.7,7/11/17,0,83,60,15.69
USC00218450,"UNIVERSITY OF MN ST. PAUL, MN US",44.9902,-93.17995,295.7,7/12/17,0.04,84,66,15.73
USC00218450,"UNIVERSITY OF MN ST. PAUL, MN US",44.9902,-93.17995,295.7,7/13/17,0,84,55,15.73
USC00218450,"UNIVERSITY OF MN ST. PAUL, MN US",44.9902,-93.17995,295.7,7/14/17,0,68,54,15.73
USC00218450,"UNIVERSITY OF MN ST. PAUL, MN US",44.9902,-93.17995,295.7,7/15/17,0,75,58,15.73
USC00218450,"UNIVERSITY OF MN ST. PAUL, MN US",44.9902,-93.17995,295.7,7/16/17,0,91,64,15.73
USC00218450,"UNIVERSITY OF MN ST. PAUL, MN US",44.9902,-93.17995,295.7,7/17/17,0,82,66,15.73
USC00218450,"UNIVERSITY OF MN ST. PAUL, MN US",44.9902,-93.17995,295.7,7/18/17,0.9,90,67,16.63
USC00218450,"UNIVERSITY OF MN ST. PAUL, MN US",44.9902,-93.17995,295.7,7/19/17,0.04,78,59,16.67
USC00218450,"UNIVERSITY OF MN ST. PAUL, MN US",44.9902,-93.17995,295.7,7/20/17,0.17,80,64,16.84
USC00218450,"UNIVERSITY OF MN ST. PAUL, MN US",44.9902,-93.17995,295.7,7/21/17,0,86,65,16.84
USC00218450,"UNIVERSITY OF MN ST. PAUL, MN US",44.9902,-93.17995,295.7,7/22/17,0,82,67,16.84
USC00218450,"UNIVERSITY OF MN ST. PAUL, MN US",44.9902,-93.17995,295.7,7/23/17,0.01,87,65,16.85
USC00218450,"UNIVERSITY OF MN ST. PAUL, MN US",44.9902,-93.17995,295.7,7/24/17,0,75,55,16.85
USC00218450,"UNIVERSITY OF MN ST. PAUL, MN US",44.9902,-93.17995,295.7,7/25/17,0,77,60,16.85
USC00218450,"UNIVERSITY OF MN ST. PAUL, MN US",44.9902,-93.17995,295.7,7/26/17,1.19,82,66,18.04
USC00218450,"UNIVERSITY OF MN ST. PAUL, MN US",44.9902,-93.17995,295.7,7/27/17,0,81,64,18.04
USC00218450,"UNIVERSITY OF MN ST. PAUL, MN US",44.9902,-93.17995,295.7,7/28/17,0,81,61,18.04
USC00218450,"UNIVERSITY OF MN ST. PAUL, MN US",44.9902,-93.17995,295.7,7/29/17,0,82,59,18.04
USC00218450,"UNIVERSITY OF MN ST. PAUL, MN US",44.9902,-93.17995,295.7,7/30/17,0,83,61,18.04
USC00218450,"UNIVERSITY OF MN ST. PAUL, MN US",44.9902,-93.17995,295.7,7/31/17,0,84,64,18.04
USC00218450,"UNIVERSITY OF MN ST. PAUL, MN US",44.9902,-93.17995,295.7,8/1/17,0,85,64,18.04
USC00218450,"UNIVERSITY OF MN ST. PAUL, MN US",44.9902,-93.17995,295.7,8/2/17,0,85,63,18.04
USC00218450,"UNIVERSITY OF MN ST. PAUL, MN US",44.9902,-93.17995,295.7,8/3/17,0.19,78,59,18.23
USC00218450,"UNIVERSITY OF MN ST. PAUL, MN US",44.9902,-93.17995,295.7,8/4/17,0.43,60,51,18.66
USC00218450,"UNIVERSITY OF MN ST. PAUL, MN US",44.9902,-93.17995,295.7,8/5/17,0,74,54,18.66
USC00218450,"UNIVERSITY OF MN ST. PAUL, MN US",44.9902,-93.17995,295.7,8/6/17,0.19,75,57,18.85
USC00218450,"UNIVERSITY OF MN ST. PAUL, MN US",44.9902,-93.17995,295.7,8/7/17,0.76,72,52,19.61
USC00218450,"UNIVERSITY OF MN ST. PAUL, MN US",44.9902,-93.17995,295.7,8/8/17,0,77,58,19.61
USC00218450,"UNIVERSITY OF MN ST. PAUL, MN US",44.9902,-93.17995,295.7,8/9/17,0,79,61,19.61
USC00218450,"UNIVERSITY OF MN ST. PAUL, MN US",44.9902,-93.17995,295.7,8/10/17,0.9,67,59,20.51
USC00218450,"UNIVERSITY OF MN ST. PAUL, MN US",44.9902,-93.17995,295.7,8/11/17,0.06,70,56,20.57
USC00218450,"UNIVERSITY OF MN ST. PAUL, MN US",44.9902,-93.17995,295.7,8/12/17,0,76,53,20.57
USC00218450,"UNIVERSITY OF MN ST. PAUL, MN US",44.9902,-93.17995,295.7,8/13/17,0,77,57,20.57
USC00218450,"UNIVERSITY OF MN ST. PAUL, MN US",44.9902,-93.17995,295.7,8/14/17,1.72,68,59,22.29
USC00218450,"UNIVERSITY OF MN ST. PAUL, MN US",44.9902,-93.17995,295.7,8/15/17,0.01,73,53,22.3
USC00218450,"UNIVERSITY OF MN ST. PAUL, MN US",44.9902,-93.17995,295.7,8/16/17,0.55,76,58,22.85
USC00218450,"UNIVERSITY OF MN ST. PAUL, MN US",44.9902,-93.17995,295.7,8/17/17,1.92,76,63,24.77
USC00218450,"UNIVERSITY OF MN ST. PAUL, MN US",44.9902,-93.17995,295.7,8/18/17,0.01,70,58,24.78
USC00218450,"UNIVERSITY OF MN ST. PAUL, MN US",44.9902,-93.17995,295.7,8/19/17,0,72,55,24.78
USC00218450,"UNIVERSITY OF MN ST. PAUL, MN US",44.9902,-93.17995,295.7,8/20/17,0,78,59,24.78
USC00218450,"UNIVERSITY OF MN ST. PAUL, MN US",44.9902,-93.17995,295.7,8/21/17,0,83,62,24.78
USC00218450,"UNIVERSITY OF MN ST. PAUL, MN US",44.9902,-93.17995,295.7,8/22/17,0.05,78,58,24.83
USC00218450,"UNIVERSITY OF MN ST. PAUL, MN US",44.9902,-93.17995,295.7,8/23/17,0,72,53,24.83
USC00218450,"UNIVERSITY OF MN ST. PAUL, MN US",44.9902,-93.17995,295.7,8/24/17,0,72,53,24.83
USC00218450,"UNIVERSITY OF MN ST. PAUL, MN US",44.9902,-93.17995,295.7,8/25/17,0.2,71,55,25.03
USC00218450,"UNIVERSITY OF MN ST. PAUL, MN US",44.9902,-93.17995,295.7,8/26/17,1.59,68,55,26.62
USC00218450,"UNIVERSITY OF MN ST. PAUL, MN US",44.9902,-93.17995,295.7,8/27/17,0.09,65,59,26.71
USC00218450,"UNIVERSITY OF MN ST. PAUL, MN US",44.9902,-93.17995,295.7,8/28/17,0.2,71,59,26.91
USC00218450,"UNIVERSITY OF MN ST. PAUL, MN US",44.9902,-93.17995,295.7,8/29/17,0,71,54,26.91
USC00218450,"UNIVERSITY OF MN ST. PAUL, MN US",44.9902,-93.17995,295.7,8/30/17,0,78,57,26.91
USC00218450,"UNIVERSITY OF MN ST. PAUL, MN US",44.9902,-93.17995,295.7,8/31/17,0.02,80,52,26.93
USC00218450,"UNIVERSITY OF MN ST. PAUL, MN US",44.9902,-93.17995,295.7,9/1/17,0,69,52,26.93
USC00218450,"UNIVERSITY OF MN ST. PAUL, MN US",44.9902,-93.17995,295.7,9/2/17,0,70,53,26.93
USC00218450,"UNIVERSITY OF MN ST. PAUL, MN US",44.9902,-93.17995,295.7,9/3/17,0,78,57,26.93
USC00218450,"UNIVERSITY OF MN ST. PAUL, MN US",44.9902,-93.17995,295.7,9/4/17,0,83,59,26.93
USC00218450,"UNIVERSITY OF MN ST. PAUL, MN US",44.9902,-93.17995,295.7,9/5/17,0.12,73,50,27.05
USC00218450,"UNIVERSITY OF MN ST. PAUL, MN US",44.9902,-93.17995,295.7,9/6/17,0.01,62,46,27.06
USC00218450,"UNIVERSITY OF MN ST. PAUL, MN US",44.9902,-93.17995,295.7,9/7/17,0,65,45,27.06
USC00218450,"UNIVERSITY OF MN ST. PAUL, MN US",44.9902,-93.17995,295.7,9/8/17,0,65,45,27.06
USC00218450,"UNIVERSITY OF MN ST. PAUL, MN US",44.9902,-93.17995,295.7,9/9/17,0,66,49,27.06
USC00218450,"UNIVERSITY OF MN ST. PAUL, MN US",44.9902,-93.17995,295.7,9/10/17,0,72,52,27.06
USC00218450,"UNIVERSITY OF MN ST. PAUL, MN US",44.9902,-93.17995,295.7,9/11/17,0,78,58,27.06
USC00218450,"UNIVERSITY OF MN ST. PAUL, MN US",44.9902,-93.17995,295.7,9/12/17,0,79,58,27.06
USC00218450,"UNIVERSITY OF MN ST. PAUL, MN US",44.9902,-93.17995,295.7,9/13/17,0,83,61,27.06
USC00218450,"UNIVERSITY OF MN ST. PAUL, MN US",44.9902,-93.17995,295.7,9/14/17,0,84,63,27.06
USC00218450,"UNIVERSITY OF MN ST. PAUL, MN US",44.9902,-93.17995,295.7,9/15/17,0,87,65,27.06
USC00218450,"UNIVERSITY OF MN ST. PAUL, MN US",44.9902,-93.17995,295.7,9/16/17,0,80,68,27.06
USC00218450,"UNIVERSITY OF MN ST. PAUL, MN US",44.9902,-93.17995,295.7,9/17/17,0.03,74,50,27.09
USC00218450,"UNIVERSITY OF MN ST. PAUL, MN US",44.9902,-93.17995,295.7,9/18/17,0,64,49,27.09
USC00218450,"UNIVERSITY OF MN ST. PAUL, MN US",44.9902,-93.17995,295.7,9/19/17,0.33,58,53,27.42
USC00218450,"UNIVERSITY OF MN ST. PAUL, MN US",44.9902,-93.17995,295.7,9/20/17,0.25,77,58,27.67
USC00218450,"UNIVERSITY OF MN ST. PAUL, MN US",44.9902,-93.17995,295.7,9/21/17,0,73,49,27.67
USC00218450,"UNIVERSITY OF MN ST. PAUL, MN US",44.9902,-93.17995,295.7,9/22/17,0,80,52,27.67
USC00218450,"UNIVERSITY OF MN ST. PAUL, MN US",44.9902,-93.17995,295.7,9/23/17,0,91,71,27.67
USC00218450,"UNIVERSITY OF MN ST. PAUL, MN US",44.9902,-93.17995,295.7,9/24/17,0,86,68,27.67
USC00218450,"UNIVERSITY OF MN ST. PAUL, MN US",44.9902,-93.17995,295.7,9/25/17,0.31,87,58,27.98
USC00218450,"UNIVERSITY OF MN ST. PAUL, MN US",44.9902,-93.17995,295.7,9/26/17,0.19,60,55,28.17
USC00218450,"UNIVERSITY OF MN ST. PAUL, MN US",44.9902,-93.17995,295.7,9/27/17,0.01,62,46,28.18
USC00218450,"UNIVERSITY OF MN ST. PAUL, MN US",44.9902,-93.17995,295.7,9/28/17,0,64,46,28.18
USC00218450,"UNIVERSITY OF MN ST. PAUL, MN US",44.9902,-93.17995,295.7,9/29/17,0,62,46,28.18
USC00218450,"UNIVERSITY OF MN ST. PAUL, MN US",44.9902,-93.17995,295.7,9/30/17,0,62,44,28.18
USC00218450,"UNIVERSITY OF MN ST. PAUL, MN US",44.9902,-93.17995,295.7,10/1/17,0.12,67,45,28.3
USC00218450,"UNIVERSITY OF MN ST. PAUL, MN US",44.9902,-93.17995,295.7,10/2/17,0.73,61,52,29.03
USC00218450,"UNIVERSITY OF MN ST. PAUL, MN US",44.9902,-93.17995,295.7,10/3/17,2.05,69,53,31.08
USC00218450,"UNIVERSITY OF MN ST. PAUL, MN US",44.9902,-93.17995,295.7,10/4/17,0.06,69,45,31.14
USC00218450,"UNIVERSITY OF MN ST. PAUL, MN US",44.9902,-93.17995,295.7,10/5/17,0,57,44,31.14
USC00218450,"UNIVERSITY OF MN ST. PAUL, MN US",44.9902,-93.17995,295.7,10/6/17,0.02,63,44,31.16
USC00218450,"UNIVERSITY OF MN ST. PAUL, MN US",44.9902,-93.17995,295.7,10/7/17,0.65,58,46,31.81
USC00218450,"UNIVERSITY OF MN ST. PAUL, MN US",44.9902,-93.17995,295.7,10/8/17,0.02,65,49,31.83
USC00218450,"UNIVERSITY OF MN ST. PAUL, MN US",44.9902,-93.17995,295.7,10/9/17,0,68,44,31.83
USC00218450,"UNIVERSITY OF MN ST. PAUL, MN US",44.9902,-93.17995,295.7,10/10/17,0,54,32,31.83
USC00218450,"UNIVERSITY OF MN ST. PAUL, MN US",44.9902,-93.17995,295.7,10/11/17,0,50,32,31.83
USC00218450,"UNIVERSITY OF MN ST. PAUL, MN US",44.9902,-93.17995,295.7,10/12/17,0,53,36,31.83
USC00218450,"UNIVERSITY OF MN ST. PAUL, MN US",44.9902,-93.17995,295.7,10/13/17,0,62,45,31.83
USC00218450,"UNIVERSITY OF MN ST. PAUL, MN US",44.9902,-93.17995,295.7,10/14/17,0,58,42,31.83
USC00218450,"UNIVERSITY OF MN ST. PAUL, MN US",44.9902,-93.17995,295.7,10/15/17,0.58,56,39,32.41
USC00218450,"UNIVERSITY OF MN ST. PAUL, MN US",44.9902,-93.17995,295.7,10/16/17,0,51,38,32.41
USC00218450,"UNIVERSITY OF MN ST. PAUL, MN US",44.9902,-93.17995,295.7,10/17/17,0,64,37,32.41
USC00218450,"UNIVERSITY OF MN ST. PAUL, MN US",44.9902,-93.17995,295.7,10/18/17,0,71,44,32.41
USC00218450,"UNIVERSITY OF MN ST. PAUL, MN US",44.9902,-93.17995,295.7,10/19/17,0,70,40,32.41
USC00218450,"UNIVERSITY OF MN ST. PAUL, MN US",44.9902,-93.17995,295.7,10/20/17,0,71,39,32.41
USC00218450,"UNIVERSITY OF MN ST. PAUL, MN US",44.9902,-93.17995,295.7,10/21/17,0.26,76,52,32.67
USC00218450,"UNIVERSITY OF MN ST. PAUL, MN US",44.9902,-93.17995,295.7,10/22/17,0.12,66,48,32.79
USC00218450,"UNIVERSITY OF MN ST. PAUL, MN US",44.9902,-93.17995,295.7,10/23/17,0,61,48,32.79
USC00218450,"UNIVERSITY OF MN ST. PAUL, MN US",44.9902,-93.17995,295.7,10/24/17,0,58,40,32.79
USC00218450,"UNIVERSITY OF MN ST. PAUL, MN US",44.9902,-93.17995,295.7,10/25/17,0,49,35,32.79
USC00218450,"UNIVERSITY OF MN ST. PAUL, MN US",44.9902,-93.17995,295.7,10/26/17,0,55,35,32.79
USC00218450,"UNIVERSITY OF MN ST. PAUL, MN US",44.9902,-93.17995,295.7,10/27/17,0.11,55,32,32.9
USC00218450,"UNIVERSITY OF MN ST. PAUL, MN US",44.9902,-93.17995,295.7,10/28/17,0.12,32,28,33.02
USC00218450,"UNIVERSITY OF MN ST. PAUL, MN US",44.9902,-93.17995,295.7,10/29/17,0,31,27,33.02
USC00218450,"UNIVERSITY OF MN ST. PAUL, MN US",44.9902,-93.17995,295.7,10/30/17,0,41,30,33.02
USC00218450,"UNIVERSITY OF MN ST. PAUL, MN US",44.9902,-93.17995,295.7,10/31/17,0,36,27,33.02
USC00218450,"UNIVERSITY OF MN ST. PAUL, MN US",44.9902,-93.17995,295.7,11/1/17,0,33,25,33.02
USC00218450,"UNIVERSITY OF MN ST. PAUL, MN US",44.9902,-93.17995,295.7,11/2/17,0.04,35,29,33.06
USC00218450,"UNIVERSITY OF MN ST. PAUL, MN US",44.9902,-93.17995,295.7,11/3/17,0,37,26,33.06
USC00218450,"UNIVERSITY OF MN ST. PAUL, MN US",44.9902,-93.17995,295.7,11/4/17,0.1,33,26,33.16
USC00218450,"UNIVERSITY OF MN ST. PAUL, MN US",44.9902,-93.17995,295.7,11/5/17,0.1,41,33,33.26
USC00218450,"UNIVERSITY OF MN ST. PAUL, MN US",44.9902,-93.17995,295.7,11/6/17,0,34,20,33.26
USC00218450,"UNIVERSITY OF MN ST. PAUL, MN US",44.9902,-93.17995,295.7,11/7/17,0,31,20,33.26
USC00218450,"UNIVERSITY OF MN ST. PAUL, MN US",44.9902,-93.17995,295.7,11/8/17,0,33,25,33.26
USC00218450,"UNIVERSITY OF MN ST. PAUL, MN US",44.9902,-93.17995,295.7,11/9/17,0,39,17,33.26
USC00218450,"UNIVERSITY OF MN ST. PAUL, MN US",44.9902,-93.17995,295.7,11/10/17,0,20,8,33.26
USC00218450,"UNIVERSITY OF MN ST. PAUL, MN US",44.9902,-93.17995,295.7,11/11/17,0.04,29,10,33.3
USC00218450,"UNIVERSITY OF MN ST. PAUL, MN US",44.9902,-93.17995,295.7,11/12/17,0,42,24,33.3
USC00218450,"UNIVERSITY OF MN ST. PAUL, MN US",44.9902,-93.17995,295.7,11/13/17,0,33,23,33.3
USC00218450,"UNIVERSITY OF MN ST. PAUL, MN US",44.9902,-93.17995,295.7,11/14/17,0.01,43,25,33.31
USC00218450,"UNIVERSITY OF MN ST. PAUL, MN US",44.9902,-93.17995,295.7,11/15/17,0.07,44,37,33.38
USC00218450,"UNIVERSITY OF MN ST. PAUL, MN US",44.9902,-93.17995,295.7,11/16/17,0,40,25,33.38
USC00218450,"UNIVERSITY OF MN ST. PAUL, MN US",44.9902,-93.17995,295.7,11/17/17,0,35,26,33.38
USC00218450,"UNIVERSITY OF MN ST. PAUL, MN US",44.9902,-93.17995,295.7,11/18/17,0.06,36,31,33.44
USC00218450,"UNIVERSITY OF MN ST. PAUL, MN US",44.9902,-93.17995,295.7,11/19/17,0,35,16,33.44
USC00218450,"UNIVERSITY OF MN ST. PAUL, MN US",44.9902,-93.17995,295.7,11/20/17,0,39,16,33.44
USC00218450,"UNIVERSITY OF MN ST. PAUL, MN US",44.9902,-93.17995,295.7,11/21/17,0,45,26,33.44
USC00218450,"UNIVERSITY OF MN ST. PAUL, MN US",44.9902,-93.17995,295.7,11/22/17,0,27,13,33.44
USC00218450,"UNIVERSITY OF MN ST. PAUL, MN US",44.9902,-93.17995,295.7,11/23/17,0,31,14,33.44
USC00218450,"UNIVERSITY OF MN ST. PAUL, MN US",44.9902,-93.17995,295.7,11/24/17,0,46,22,33.44
USC00218450,"UNIVERSITY OF MN ST. PAUL, MN US",44.9902,-93.17995,295.7,11/25/17,0,58,32,33.44
USC00218450,"UNIVERSITY OF MN ST. PAUL, MN US",44.9902,-93.17995,295.7,11/26/17,0,37,24,33.44
USC00218450,"UNIVERSITY OF MN ST. PAUL, MN US",44.9902,-93.17995,295.7,11/27/17,0,48,28,33.44
USC00218450,"UNIVERSITY OF MN ST. PAUL, MN US",44.9902,-93.17995,295.7,11/28/17,0,58,35,33.44
USC00218450,"UNIVERSITY OF MN ST. PAUL, MN US",44.9902,-93.17995,295.7,11/29/17,0,50,24,33.44
USC00218450,"UNIVERSITY OF MN ST. PAUL, MN US",44.9902,-93.17995,295.7,11/30/17,0,44,24,33.44
USC00218450,"UNIVERSITY OF MN ST. PAUL, MN US",44.9902,-93.17995,295.7,12/1/17,0,46,27,33.44
USC00218450,"UNIVERSITY OF MN ST. PAUL, MN US",44.9902,-93.17995,295.7,12/2/17,0,48,28,33.44
USC00218450,"UNIVERSITY OF MN ST. PAUL, MN US",44.9902,-93.17995,295.7,12/3/17,0,45,28,33.44
USC00218450,"UNIVERSITY OF MN ST. PAUL, MN US",44.9902,-93.17995,295.7,12/4/17,0,51,29,33.44
USC00218450,"UNIVERSITY OF MN ST. PAUL, MN US",44.9902,-93.17995,295.7,12/5/17,0.3,55,15,33.74
USC00218450,"UNIVERSITY OF MN ST. PAUL, MN US",44.9902,-93.17995,295.7,12/6/17,0,19,14,33.74
USC00218450,"UNIVERSITY OF MN ST. PAUL, MN US",44.9902,-93.17995,295.7,12/7/17,0.01,17,6,33.75
USC00218450,"UNIVERSITY OF MN ST. PAUL, MN US",44.9902,-93.17995,295.7,12/8/17,0,22,6,33.75
USC00218450,"UNIVERSITY OF MN ST. PAUL, MN US",44.9902,-93.17995,295.7,12/9/17,0.01,30,18,33.76
USC00218450,"UNIVERSITY OF MN ST. PAUL, MN US",44.9902,-93.17995,295.7,12/10/17,0,22,16,33.76
USC00218450,"UNIVERSITY OF MN ST. PAUL, MN US",44.9902,-93.17995,295.7,12/11/17,0.14,27,19,33.9
USC00218450,"UNIVERSITY OF MN ST. PAUL, MN US",44.9902,-93.17995,295.7,12/12/17,0,33,5,33.9
USC00218450,"UNIVERSITY OF MN ST. PAUL, MN US",44.9902,-93.17995,295.7,12/13/17,0.03,27,4,33.93
USC00218450,"UNIVERSITY OF MN ST. PAUL, MN US",44.9902,-93.17995,295.7,12/14/17,0,26,14,33.93
USC00218450,"UNIVERSITY OF MN ST. PAUL, MN US",44.9902,-93.17995,295.7,12/15/17,0,21,10,33.93
USC00218450,"UNIVERSITY OF MN ST. PAUL, MN US",44.9902,-93.17995,295.7,12/16/17,0.05,28,19,33.98
USC00218450,"UNIVERSITY OF MN ST. PAUL, MN US",44.9902,-93.17995,295.7,12/17/17,0,27,16,33.98
USC00218450,"UNIVERSITY OF MN ST. PAUL, MN US",44.9902,-93.17995,295.7,12/18/17,0,26,19,33.98
USC00218450,"UNIVERSITY OF MN ST. PAUL, MN US",44.9902,-93.17995,295.7,12/19/17,0,41,24,33.98
USC00218450,"UNIVERSITY OF MN ST. PAUL, MN US",44.9902,-93.17995,295.7,12/20/17,0,32,15,33.98
USC00218450,"UNIVERSITY OF MN ST. PAUL, MN US",44.9902,-93.17995,295.7,12/21/17,0.01,18,15,33.99
USC00218450,"UNIVERSITY OF MN ST. PAUL, MN US",44.9902,-93.17995,295.7,12/22/17,0,21,15,33.99
USC00218450,"UNIVERSITY OF MN ST. PAUL, MN US",44.9902,-93.17995,295.7,12/23/17,0,24,9,33.99
USC00218450,"UNIVERSITY OF MN ST. PAUL, MN US",44.9902,-93.17995,295.7,12/24/17,0,20,9,33.99
USC00218450,"UNIVERSITY OF MN ST. PAUL, MN US",44.9902,-93.17995,295.7,12/25/17,0,20,-1,33.99
USC00218450,"UNIVERSITY OF MN ST. PAUL, MN US",44.9902,-93.17995,295.7,12/26/17,0,0,-10,33.99
USC00218450,"UNIVERSITY OF MN ST. PAUL, MN US",44.9902,-93.17995,295.7,12/27/17,0,-2,-11,33.99
USC00218450,"UNIVERSITY OF MN ST. PAUL, MN US",44.9902,-93.17995,295.7,12/28/17,0.05,4,-10,34.04
USC00218450,"UNIVERSITY OF MN ST. PAUL, MN US",44.9902,-93.17995,295.7,12/29/17,0.01,10,-4,34.05
USC00218450,"UNIVERSITY OF MN ST. PAUL, MN US",44.9902,-93.17995,295.7,12/30/17,0.01,0,-16,34.06
USC00218450,"UNIVERSITY OF MN ST. PAUL, MN US",44.9902,-93.17995,295.7,12/31/17,0,-8,-17,34.06
USC00218450,"UNIVERSITY OF MN ST. PAUL, MN US",44.9902,-93.17995,295.7,1/1/18,0,-8,-18,0
USC00218450,"UNIVERSITY OF MN ST. PAUL, MN US",44.9902,-93.17995,295.7,1/2/18,0,0,-15,0
USC00218450,"UNIVERSITY OF MN ST. PAUL, MN US",44.9902,-93.17995,295.7,1/3/18,0.01,12,-11,0.01
USC00218450,"UNIVERSITY OF MN ST. PAUL, MN US",44.9902,-93.17995,295.7,1/4/18,0,4,-8,0.01
USC00218450,"UNIVERSITY OF MN ST. PAUL, MN US",44.9902,-93.17995,295.7,1/5/18,0,4,-11,0.01
USC00218450,"UNIVERSITY OF MN ST. PAUL, MN US",44.9902,-93.17995,295.7,1/6/18,0,1,-13,0.01
USC00218450,"UNIVERSITY OF MN ST. PAUL, MN US",44.9902,-93.17995,295.7,1/7/18,0,13,-12,0.01
USC00218450,"UNIVERSITY OF MN ST. PAUL, MN US",44.9902,-93.17995,295.7,1/8/18,0,30,13,0.01
USC00218450,"UNIVERSITY OF MN ST. PAUL, MN US",44.9902,-93.17995,295.7,1/9/18,0,35,24,0.01
USC00218450,"UNIVERSITY OF MN ST. PAUL, MN US",44.9902,-93.17995,295.7,1/10/18,0,41,29,0.01
USC00218450,"UNIVERSITY OF MN ST. PAUL, MN US",44.9902,-93.17995,295.7,1/11/18,0.02,36,17,0.03
USC00218450,"UNIVERSITY OF MN ST. PAUL, MN US",44.9902,-93.17995,295.7,1/12/18,0.06,17,-11,0.09
USC00218450,"UNIVERSITY OF MN ST. PAUL, MN US",44.9902,-93.17995,295.7,1/13/18,0,2,-13,0.09
USC00218450,"UNIVERSITY OF MN ST. PAUL, MN US",44.9902,-93.17995,295.7,1/14/18,0,3,-13,0.09
USC00218450,"UNIVERSITY OF MN ST. PAUL, MN US",44.9902,-93.17995,295.7,1/15/18,0.08,14,-7,0.17
USC00218450,"UNIVERSITY OF MN ST. PAUL, MN US",44.9902,-93.17995,295.7,1/16/18,0,4,-4,0.17
USC00218450,"UNIVERSITY OF MN ST. PAUL, MN US",44.9902,-93.17995,295.7,1/17/18,0,6,-3,0.17
USC00218450,"UNIVERSITY OF MN ST. PAUL, MN US",44.9902,-93.17995,295.7,1/18/18,0,25,2,0.17
USC00218450,"UNIVERSITY OF MN ST. PAUL, MN US",44.9902,-93.17995,295.7,1/19/18,0,40,22,0.17
USC00218450,"UNIVERSITY OF MN ST. PAUL, MN US",44.9902,-93.17995,295.7,1/20/18,0,41,26,0.17
USC00218450,"UNIVERSITY OF MN ST. PAUL, MN US",44.9902,-93.17995,295.7,1/21/18,0,40,27,0.17
USC00218450,"UNIVERSITY OF MN ST. PAUL, MN US",44.9902,-93.17995,295.7,1/22/18,0,36,30,0.17
USC00218450,"UNIVERSITY OF MN ST. PAUL, MN US",44.9902,-93.17995,295.7,1/23/18,0.8,30,17,0.97
USC00218450,"UNIVERSITY OF MN ST. PAUL, MN US",44.9902,-93.17995,295.7,1/24/18,0,26,10,0.97
USC00218450,"UNIVERSITY OF MN ST. PAUL, MN US",44.9902,-93.17995,295.7,1/25/18,0,24,15,0.97
USC00218450,"UNIVERSITY OF MN ST. PAUL, MN US",44.9902,-93.17995,295.7,1/26/18,0,34,22,0.97
USC00218450,"UNIVERSITY OF MN ST. PAUL, MN US",44.9902,-93.17995,295.7,1/27/18,0,45,23,0.97
USC00218450,"UNIVERSITY OF MN ST. PAUL, MN US",44.9902,-93.17995,295.7,1/28/18,0,30,15,0.97
USC00218450,"UNIVERSITY OF MN ST. PAUL, MN US",44.9902,-93.17995,295.7,1/29/18,0,18,2,0.97
USC00218450,"UNIVERSITY OF MN ST. PAUL, MN US",44.9902,-93.17995,295.7,1/30/18,0,13,0,0.97
USC00218450,"UNIVERSITY OF MN ST. PAUL, MN US",44.9902,-93.17995,295.7,1/31/18,0.1,30,0,1.07
USC00218450,"UNIVERSITY OF MN ST. PAUL, MN US",44.9902,-93.17995,295.7,2/1/18,0.01,27,-5,1.08
USC00218450,"UNIVERSITY OF MN ST. PAUL, MN US",44.9902,-93.17995,295.7,2/2/18,0,4,-9,1.08
USC00218450,"UNIVERSITY OF MN ST. PAUL, MN US",44.9902,-93.17995,295.7,2/3/18,0,12,-8,1.08
USC00218450,"UNIVERSITY OF MN ST. PAUL, MN US",44.9902,-93.17995,295.7,2/4/18,0.13,15,-5,1.21
USC00218450,"UNIVERSITY OF MN ST. PAUL, MN US",44.9902,-93.17995,295.7,2/5/18,0,1,-8,1.21
USC00218450,"UNIVERSITY OF MN ST. PAUL, MN US",44.9902,-93.17995,295.7,2/6/18,0,11,-9,1.21
USC00218450,"UNIVERSITY OF MN ST. PAUL, MN US",44.9902,-93.17995,295.7,2/7/18,0.05,8,-8,1.26
USC00218450,"UNIVERSITY OF MN ST. PAUL, MN US",44.9902,-93.17995,295.7,2/8/18,0,13,0,1.26
USC00218450,"UNIVERSITY OF MN ST. PAUL, MN US",44.9902,-93.17995,295.7,2/9/18,0,12,0,1.26
USC00218450,"UNIVERSITY OF MN ST. PAUL, MN US",44.9902,-93.17995,295.7,2/10/18,0,8,-1,1.26
USC00218450,"UNIVERSITY OF MN ST. PAUL, MN US",44.9902,-93.17995,295.7,2/11/18,0,13,-3,1.26
USC00218450,"UNIVERSITY OF MN ST. PAUL, MN US",44.9902,-93.17995,295.7,2/12/18,0,19,-3,1.26
USC00218450,"UNIVERSITY OF MN ST. PAUL, MN US",44.9902,-93.17995,295.7,2/13/18,0,10,-3,1.26
USC00218450,"UNIVERSITY OF MN ST. PAUL, MN US",44.9902,-93.17995,295.7,2/14/18,0,29,9,1.26
USC00218450,"UNIVERSITY OF MN ST. PAUL, MN US",44.9902,-93.17995,295.7,2/15/18,0,40,16,1.26
USC00218450,"UNIVERSITY OF MN ST. PAUL, MN US",44.9902,-93.17995,295.7,2/16/18,0,35,-2,1.26
USC00218450,"UNIVERSITY OF MN ST. PAUL, MN US",44.9902,-93.17995,295.7,2/17/18,0,23,-2,1.26
USC00218450,"UNIVERSITY OF MN ST. PAUL, MN US",44.9902,-93.17995,295.7,2/18/18,0,34,13,1.26
USC00218450,"UNIVERSITY OF MN ST. PAUL, MN US",44.9902,-93.17995,295.7,2/19/18,0,43,18,1.26
USC00218450,"UNIVERSITY OF MN ST. PAUL, MN US",44.9902,-93.17995,295.7,2/20/18,0.12,20,17,1.38
USC00218450,"UNIVERSITY OF MN ST. PAUL, MN US",44.9902,-93.17995,295.7,2/21/18,0,18,2,1.38
USC00218450,"UNIVERSITY OF MN ST. PAUL, MN US",44.9902,-93.17995,295.7,2/22/18,0,18,1,1.38
USC00218450,"UNIVERSITY OF MN ST. PAUL, MN US",44.9902,-93.17995,295.7,2/23/18,0.42,28,8,1.8
USC00218450,"UNIVERSITY OF MN ST. PAUL, MN US",44.9902,-93.17995,295.7,2/24/18,0,30,1,1.8
USC00218450,"UNIVERSITY OF MN ST. PAUL, MN US",44.9902,-93.17995,295.7,2/25/18,0.51,27,3,2.31
USC00218450,"UNIVERSITY OF MN ST. PAUL, MN US",44.9902,-93.17995,295.7,2/26/18,0,28,14,2.31
USC00218450,"UNIVERSITY OF MN ST. PAUL, MN US",44.9902,-93.17995,295.7,2/27/18,0,43,17,2.31
USC00218450,"UNIVERSITY OF MN ST. PAUL, MN US",44.9902,-93.17995,295.7,2/28/18,0,43,19,2.31
USC00218450,"UNIVERSITY OF MN ST. PAUL, MN US",44.9902,-93.17995,295.7,3/1/18,0,45,21,2.31
USC00218450,"UNIVERSITY OF MN ST. PAUL, MN US",44.9902,-93.17995,295.7,3/2/18,0,39,13,2.31
USC00218450,"UNIVERSITY OF MN ST. PAUL, MN US",44.9902,-93.17995,295.7,3/3/18,0,38,15,2.31
USC00218450,"UNIVERSITY OF MN ST. PAUL, MN US",44.9902,-93.17995,295.7,3/4/18,0,43,33,2.31
USC00218450,"UNIVERSITY OF MN ST. PAUL, MN US",44.9902,-93.17995,295.7,3/5/18,0.18,39,31,2.49
USC00218450,"UNIVERSITY OF MN ST. PAUL, MN US",44.9902,-93.17995,295.7,3/6/18,0.41,34,25,2.9
USC00218450,"UNIVERSITY OF MN ST. PAUL, MN US",44.9902,-93.17995,295.7,3/7/18,0.02,32,13,2.92
USC00218450,"UNIVERSITY OF MN ST. PAUL, MN US",44.9902,-93.17995,295.7,3/8/18,0,26,10,2.92
USC00218450,"UNIVERSITY OF MN ST. PAUL, MN US",44.9902,-93.17995,295.7,3/9/18,0,27,9,2.92
USC00218450,"UNIVERSITY OF MN ST. PAUL, MN US",44.9902,-93.17995,295.7,3/10/18,0,35,12,2.92
USC00218450,"UNIVERSITY OF MN ST. PAUL, MN US",44.9902,-93.17995,295.7,3/11/18,0.01,32,24,2.93
USC00218450,"UNIVERSITY OF MN ST. PAUL, MN US",44.9902,-93.17995,295.7,3/12/18,0,34,20,2.93
USC00218450,"UNIVERSITY OF MN ST. PAUL, MN US",44.9902,-93.17995,295.7,3/13/18,0,38,20,2.93
USC00218450,"UNIVERSITY OF MN ST. PAUL, MN US",44.9902,-93.17995,295.7,3/14/18,0,34,21,2.93
USC00218450,"UNIVERSITY OF MN ST. PAUL, MN US",44.9902,-93.17995,295.7,3/15/18,0,43,23,2.93
USC00218450,"UNIVERSITY OF MN ST. PAUL, MN US",44.9902,-93.17995,295.7,3/16/18,0,34,19,2.93
USC00218450,"UNIVERSITY OF MN ST. PAUL, MN US",44.9902,-93.17995,295.7,3/17/18,0,36,19,2.93
USC00218450,"UNIVERSITY OF MN ST. PAUL, MN US",44.9902,-93.17995,295.7,3/18/18,0,48,20,2.93
USC00218450,"UNIVERSITY OF MN ST. PAUL, MN US",44.9902,-93.17995,295.7,3/19/18,0,39,26,2.93
USC00218450,"UNIVERSITY OF MN ST. PAUL, MN US",44.9902,-93.17995,295.7,3/20/18,0.01,41,25,2.94
USC00218450,"UNIVERSITY OF MN ST. PAUL, MN US",44.9902,-93.17995,295.7,3/21/18,0.07,28,20,3.01
USC00218450,"UNIVERSITY OF MN ST. PAUL, MN US",44.9902,-93.17995,295.7,3/22/18,0,37,21,3.01
USC00218450,"UNIVERSITY OF MN ST. PAUL, MN US",44.9902,-93.17995,295.7,3/23/18,0,40,26,3.01
USC00218450,"UNIVERSITY OF MN ST. PAUL, MN US",44.9902,-93.17995,295.7,3/24/18,0,38,26,3.01
USC00218450,"UNIVERSITY OF MN ST. PAUL, MN US",44.9902,-93.17995,295.7,3/25/18,0,37,26,3.01
USC00218450,"UNIVERSITY OF MN ST. PAUL, MN US",44.9902,-93.17995,295.7,3/26/18,0.06,40,26,3.07
USC00218450,"UNIVERSITY OF MN ST. PAUL, MN US",44.9902,-93.17995,295.7,3/27/18,0.29,34,29,3.36
USC00218450,"UNIVERSITY OF MN ST. PAUL, MN US",44.9902,-93.17995,295.7,3/28/18,0,46,29,3.36
USC00218450,"UNIVERSITY OF MN ST. PAUL, MN US",44.9902,-93.17995,295.7,3/29/18,0,49,21,3.36
USC00218450,"UNIVERSITY OF MN ST. PAUL, MN US",44.9902,-93.17995,295.7,3/30/18,0,37,21,3.36
USC00218450,"UNIVERSITY OF MN ST. PAUL, MN US",44.9902,-93.17995,295.7,3/31/18,0.33,37,23,3.69
USC00218450,"UNIVERSITY OF MN ST. PAUL, MN US",44.9902,-93.17995,295.7,4/1/18,0,23,9,3.69
USC00218450,"UNIVERSITY OF MN ST. PAUL, MN US",44.9902,-93.17995,295.7,4/2/18,0,27,9,3.69
USC00218450,"UNIVERSITY OF MN ST. PAUL, MN US",44.9902,-93.17995,295.7,4/3/18,0.23,32,20,3.92
USC00218450,"UNIVERSITY OF MN ST. PAUL, MN US",44.9902,-93.17995,295.7,4/4/18,0.27,28,7,4.19
USC00218450,"UNIVERSITY OF MN ST. PAUL, MN US",44.9902,-93.17995,295.7,4/5/18,0,28,8,4.19
USC00218450,"UNIVERSITY OF MN ST. PAUL, MN US",44.9902,-93.17995,295.7,4/6/18,0,38,13,4.19
USC00218450,"UNIVERSITY OF MN ST. PAUL, MN US",44.9902,-93.17995,295.7,4/7/18,0,19,11,4.19
USC00218450,"UNIVERSITY OF MN ST. PAUL, MN US",44.9902,-93.17995,295.7,4/8/18,0,28,11,4.19
USC00218450,"UNIVERSITY OF MN ST. PAUL, MN US",44.9902,-93.17995,295.7,4/9/18,0.14,30,15,4.33
USC00218450,"UNIVERSITY OF MN ST. PAUL, MN US",44.9902,-93.17995,295.7,4/10/18,0,34,21,4.33
USC00218450,"UNIVERSITY OF MN ST. PAUL, MN US",44.9902,-93.17995,295.7,4/11/18,0,39,27,4.33
USC00218450,"UNIVERSITY OF MN ST. PAUL, MN US",44.9902,-93.17995,295.7,4/12/18,0.02,45,29,4.35
USC00218450,"UNIVERSITY OF MN ST. PAUL, MN US",44.9902,-93.17995,295.7,4/13/18,0,45,33,4.35
USC00218450,"UNIVERSITY OF MN ST. PAUL, MN US",44.9902,-93.17995,295.7,4/14/18,0.4,38,26,4.75
USC00218450,"UNIVERSITY OF MN ST. PAUL, MN US",44.9902,-93.17995,295.7,4/15/18,1,28,20,5.75
USC00218450,"UNIVERSITY OF MN ST. PAUL, MN US",44.9902,-93.17995,295.7,4/16/18,0.31,26,21,6.06
USC00218450,"UNIVERSITY OF MN ST. PAUL, MN US",44.9902,-93.17995,295.7,4/17/18,0,35,21,6.06
USC00218450,"UNIVERSITY OF MN ST. PAUL, MN US",44.9902,-93.17995,295.7,4/18/18,0,41,24,6.06
USC00218450,"UNIVERSITY OF MN ST. PAUL, MN US",44.9902,-93.17995,295.7,4/19/18,0,40,24,6.06
USC00218450,"UNIVERSITY OF MN ST. PAUL, MN US",44.9902,-93.17995,295.7,4/20/18,0,50,26,6.06
USC00218450,"UNIVERSITY OF MN ST. PAUL, MN US",44.9902,-93.17995,295.7,4/21/18,0,52,29,6.06
USC00218450,"UNIVERSITY OF MN ST. PAUL, MN US",44.9902,-93.17995,295.7,4/22/18,0,59,33,6.06
USC00218450,"UNIVERSITY OF MN ST. PAUL, MN US",44.9902,-93.17995,295.7,4/23/18,0,62,38,6.06
USC00218450,"UNIVERSITY OF MN ST. PAUL, MN US",44.9902,-93.17995,295.7,4/24/18,0,67,41,6.06
USC00218450,"UNIVERSITY OF MN ST. PAUL, MN US",44.9902,-93.17995,295.7,4/25/18,0,60,33,6.06
USC00218450,"UNIVERSITY OF MN ST. PAUL, MN US",44.9902,-93.17995,295.7,4/26/18,0,58,34,6.06
USC00218450,"UNIVERSITY OF MN ST. PAUL, MN US",44.9902,-93.17995,295.7,4/27/18,0,62,39,6.06
USC00218450,"UNIVERSITY OF MN ST. PAUL, MN US",44.9902,-93.17995,295.7,4/28/18,0,59,35,6.06
USC00218450,"UNIVERSITY OF MN ST. PAUL, MN US",44.9902,-93.17995,295.7,4/29/18,0,55,37,6.06
USC00218450,"UNIVERSITY OF MN ST. PAUL, MN US",44.9902,-93.17995,295.7,4/30/18,0,67,42,6.06
USC00218450,"UNIVERSITY OF MN ST. PAUL, MN US",44.9902,-93.17995,295.7,5/1/18,0.02,81,51,6.08
USC00218450,"UNIVERSITY OF MN ST. PAUL, MN US",44.9902,-93.17995,295.7,5/2/18,0.23,68,46,6.31
USC00218450,"UNIVERSITY OF MN ST. PAUL, MN US",44.9902,-93.17995,295.7,5/3/18,0,66,47,6.31
USC00218450,"UNIVERSITY OF MN ST. PAUL, MN US",44.9902,-93.17995,295.7,5/4/18,0,73,52,6.31
USC00218450,"UNIVERSITY OF MN ST. PAUL, MN US",44.9902,-93.17995,295.7,5/5/18,0,76,51,6.31
USC00218450,"UNIVERSITY OF MN ST. PAUL, MN US",44.9902,-93.17995,295.7,5/6/18,0.04,80,50,6.35
USC00218450,"UNIVERSITY OF MN ST. PAUL, MN US",44.9902,-93.17995,295.7,5/7/18,0,74,52,6.35
USC00218450,"UNIVERSITY OF MN ST. PAUL, MN US",44.9902,-93.17995,295.7,5/8/18,0,85,62,6.35
USC00218450,"UNIVERSITY OF MN ST. PAUL, MN US",44.9902,-93.17995,295.7,5/9/18,0.36,69,50,6.71
USC00218450,"UNIVERSITY OF MN ST. PAUL, MN US",44.9902,-93.17995,295.7,5/10/18,0.02,63,42,6.73
USC00218450,"UNIVERSITY OF MN ST. PAUL, MN US",44.9902,-93.17995,295.7,5/11/18,0,58,43,6.73
USC00218450,"UNIVERSITY OF MN ST. PAUL, MN US",44.9902,-93.17995,295.7,5/12/18,0,50,43,6.73
USC00218450,"UNIVERSITY OF MN ST. PAUL, MN US",44.9902,-93.17995,295.7,5/13/18,0.01,60,40,6.74
USC00218450,"UNIVERSITY OF MN ST. PAUL, MN US",44.9902,-93.17995,295.7,5/14/18,0,70,50,6.74
USC00218450,"UNIVERSITY OF MN ST. PAUL, MN US",44.9902,-93.17995,295.7,5/15/18,0.32,73,51,7.06
USC00218450,"UNIVERSITY OF MN ST. PAUL, MN US",44.9902,-93.17995,295.7,5/16/18,0,75,55,7.06
USC00218450,"UNIVERSITY OF MN ST. PAUL, MN US",44.9902,-93.17995,295.7,5/17/18,0,86,56,7.06
USC00218450,"UNIVERSITY OF MN ST. PAUL, MN US",44.9902,-93.17995,295.7,5/18/18,0,83,55,7.06
USC00218450,"UNIVERSITY OF MN ST. PAUL, MN US",44.9902,-93.17995,295.7,5/19/18,0,83,55,7.06
USC00218450,"UNIVERSITY OF MN ST. PAUL, MN US",44.9902,-93.17995,295.7,5/20/18,0,61,42,7.06
USC00218450,"UNIVERSITY OF MN ST. PAUL, MN US",44.9902,-93.17995,295.7,5/21/18,0,71,45,7.06
USC00218450,"UNIVERSITY OF MN ST. PAUL, MN US",44.9902,-93.17995,295.7,5/22/18,0,69,54,7.06
USC00218450,"UNIVERSITY OF MN ST. PAUL, MN US",44.9902,-93.17995,295.7,5/23/18,0,74,59,7.06
USC00218450,"UNIVERSITY OF MN ST. PAUL, MN US",44.9902,-93.17995,295.7,5/24/18,0,82,65,7.06
USC00218450,"UNIVERSITY OF MN ST. PAUL, MN US",44.9902,-93.17995,295.7,5/25/18,1.2,90,62,8.26
USC00218450,"UNIVERSITY OF MN ST. PAUL, MN US",44.9902,-93.17995,295.7,5/26/18,0,88,67,8.26
USC00218450,"UNIVERSITY OF MN ST. PAUL, MN US",44.9902,-93.17995,295.7,5/27/18,0,92,66,8.26
USC00218450,"UNIVERSITY OF MN ST. PAUL, MN US",44.9902,-93.17995,295.7,5/28/18,0,90,75,8.26
USC00218450,"UNIVERSITY OF MN ST. PAUL, MN US",44.9902,-93.17995,295.7,5/29/18,0.06,100,71,8.32
USC00218450,"UNIVERSITY OF MN ST. PAUL, MN US",44.9902,-93.17995,295.7,5/30/18,1.23,93,68,9.55
USC00218450,"UNIVERSITY OF MN ST. PAUL, MN US",44.9902,-93.17995,295.7,5/31/18,0.03,74,64,9.58
USC00218450,"UNIVERSITY OF MN ST. PAUL, MN US",44.9902,-93.17995,295.7,6/1/18,0,85,66,9.58
USC00218450,"UNIVERSITY OF MN ST. PAUL, MN US",44.9902,-93.17995,295.7,6/2/18,0,81,62,9.58
USC00218450,"UNIVERSITY OF MN ST. PAUL, MN US",44.9902,-93.17995,295.7,6/3/18,0.24,70,59,9.82
USC00218450,"UNIVERSITY OF MN ST. PAUL, MN US",44.9902,-93.17995,295.7,6/4/18,0,69,52,9.82
USC00218450,"UNIVERSITY OF MN ST. PAUL, MN US",44.9902,-93.17995,295.7,6/5/18,0,86,60,9.82
USC00218450,"UNIVERSITY OF MN ST. PAUL, MN US",44.9902,-93.17995,295.7,6/6/18,0.25,80,61,10.07
USC00218450,"UNIVERSITY OF MN ST. PAUL, MN US",44.9902,-93.17995,295.7,6/7/18,0.02,78,59,10.09
USC00218450,"UNIVERSITY OF MN ST. PAUL, MN US",44.9902,-93.17995,295.7,6/8/18,0,78,62,10.09
USC00218450,"UNIVERSITY OF MN ST. PAUL, MN US",44.9902,-93.17995,295.7,6/9/18,0,74,63,10.09
USC00218450,"UNIVERSITY OF MN ST. PAUL, MN US",44.9902,-93.17995,295.7,6/10/18,0.28,72,64,10.37
USC00218450,"UNIVERSITY OF MN ST. PAUL, MN US",44.9902,-93.17995,295.7,6/11/18,0,77,64,10.37
USC00218450,"UNIVERSITY OF MN ST. PAUL, MN US",44.9902,-93.17995,295.7,6/12/18,0.04,73,66,10.41
USC00218450,"UNIVERSITY OF MN ST. PAUL, MN US",44.9902,-93.17995,295.7,6/13/18,0,81,58,10.41
USC00218450,"UNIVERSITY OF MN ST. PAUL, MN US",44.9902,-93.17995,295.7,6/14/18,0,80,64,10.41
USC00218450,"UNIVERSITY OF MN ST. PAUL, MN US",44.9902,-93.17995,295.7,6/15/18,0,81,68,10.41
USC00218450,"UNIVERSITY OF MN ST. PAUL, MN US",44.9902,-93.17995,295.7,6/16/18,0.79,94,71,11.2
USC00218450,"UNIVERSITY OF MN ST. PAUL, MN US",44.9902,-93.17995,295.7,6/17/18,0.41,87,71,11.61
USC00218450,"UNIVERSITY OF MN ST. PAUL, MN US",44.9902,-93.17995,295.7,6/18/18,0.88,90,70,12.49
USC00218450,"UNIVERSITY OF MN ST. PAUL, MN US",44.9902,-93.17995,295.7,6/19/18,0.3,79,66,12.79
USC00218450,"UNIVERSITY OF MN ST. PAUL, MN US",44.9902,-93.17995,295.7,6/20/18,0.14,72,65,12.93
USC00218450,"UNIVERSITY OF MN ST. PAUL, MN US",44.9902,-93.17995,295.7,6/21/18,0,80,68,12.93
USC00218450,"UNIVERSITY OF MN ST. PAUL, MN US",44.9902,-93.17995,295.7,6/22/18,0,79,64,12.93
USC00218450,"UNIVERSITY OF MN ST. PAUL, MN US",44.9902,-93.17995,295.7,6/23/18,0,83,64,12.93
USC00218450,"UNIVERSITY OF MN ST. PAUL, MN US",44.9902,-93.17995,295.7,6/24/18,0,84,66,12.93
USC00218450,"UNIVERSITY OF MN ST. PAUL, MN US",44.9902,-93.17995,295.7,6/25/18,0,82,68,12.93
USC00218450,"UNIVERSITY OF MN ST. PAUL, MN US",44.9902,-93.17995,295.7,6/26/18,1.29,84,66,14.22
USC00218450,"UNIVERSITY OF MN ST. PAUL, MN US",44.9902,-93.17995,295.7,6/27/18,0,72,67,14.22
USC00218450,"UNIVERSITY OF MN ST. PAUL, MN US",44.9902,-93.17995,295.7,6/28/18,0,82,68,14.22
USC00218450,"UNIVERSITY OF MN ST. PAUL, MN US",44.9902,-93.17995,295.7,6/29/18,0,88,76,14.22
USC00218450,"UNIVERSITY OF MN ST. PAUL, MN US",44.9902,-93.17995,295.7,6/30/18,0,99,80,14.22
USC00218450,"UNIVERSITY OF MN ST. PAUL, MN US",44.9902,-93.17995,295.7,7/1/18,0,89,73,14.22
USC00218450,"UNIVERSITY OF MN ST. PAUL, MN US",44.9902,-93.17995,295.7,7/2/18,1.24,77,65,15.46
USC00218450,"UNIVERSITY OF MN ST. PAUL, MN US",44.9902,-93.17995,295.7,7/3/18,0,90,75,15.46
USC00218450,"UNIVERSITY OF MN ST. PAUL, MN US",44.9902,-93.17995,295.7,7/4/18,0.04,89,75,15.5
USC00218450,"UNIVERSITY OF MN ST. PAUL, MN US",44.9902,-93.17995,295.7,7/5/18,0.35,85,75,15.85
USC00218450,"UNIVERSITY OF MN ST. PAUL, MN US",44.9902,-93.17995,295.7,7/6/18,0,84,68,15.85
USC00218450,"UNIVERSITY OF MN ST. PAUL, MN US",44.9902,-93.17995,295.7,7/7/18,0,85,72,15.85
USC00218450,"UNIVERSITY OF MN ST. PAUL, MN US",44.9902,-93.17995,295.7,7/8/18,0,88,74,15.85
USC00218450,"UNIVERSITY OF MN ST. PAUL, MN US",44.9902,-93.17995,295.7,7/9/18,0,92,76,15.85
USC00218450,"UNIVERSITY OF MN ST. PAUL, MN US",44.9902,-93.17995,295.7,7/10/18,0,91,70,15.85
USC00218450,"UNIVERSITY OF MN ST. PAUL, MN US",44.9902,-93.17995,295.7,7/11/18,0,88,73,15.85
USC00218450,"UNIVERSITY OF MN ST. PAUL, MN US",44.9902,-93.17995,295.7,7/12/18,0.01,91,77,15.86
USC00218450,"UNIVERSITY OF MN ST. PAUL, MN US",44.9902,-93.17995,295.7,7/13/18,1.52,95,75,17.38
USC00218450,"UNIVERSITY OF MN ST. PAUL, MN US",44.9902,-93.17995,295.7,7/14/18,0.06,84,71,17.44
USC00218450,"UNIVERSITY OF MN ST. PAUL, MN US",44.9902,-93.17995,295.7,7/15/18,0,89,72,17.44
USC00218450,"UNIVERSITY OF MN ST. PAUL, MN US",44.9902,-93.17995,295.7,7/16/18,0,89,66,17.44
USC00218450,"UNIVERSITY OF MN ST. PAUL, MN US",44.9902,-93.17995,295.7,7/17/18,0,86,66,17.44
USC00218450,"UNIVERSITY OF MN ST. PAUL, MN US",44.9902,-93.17995,295.7,7/18/18,0,82,64,17.44
USC00218450,"UNIVERSITY OF MN ST. PAUL, MN US",44.9902,-93.17995,295.7,7/19/18,0,84,71,17.44
USC00218450,"UNIVERSITY OF MN ST. PAUL, MN US",44.9902,-93.17995,295.7,7/20/18,0.25,75,67,17.69
USC00218450,"UNIVERSITY OF MN ST. PAUL, MN US",44.9902,-93.17995,295.7,7/21/18,0.42,82,65,18.11
USC00218450,"UNIVERSITY OF MN ST. PAUL, MN US",44.9902,-93.17995,295.7,7/22/18,0,83,66,18.11
USC00218450,"UNIVERSITY OF MN ST. PAUL, MN US",44.9902,-93.17995,295.7,7/23/18,0,83,65,18.11
USC00218450,"UNIVERSITY OF MN ST. PAUL, MN US",44.9902,-93.17995,295.7,7/24/18,0,85,63,18.11
USC00218450,"UNIVERSITY OF MN ST. PAUL, MN US",44.9902,-93.17995,295.7,7/25/18,0,85,67,18.11
USC00218450,"UNIVERSITY OF MN ST. PAUL, MN US",44.9902,-93.17995,295.7,7/26/18,0.08,83,62,18.19
USC00218450,"UNIVERSITY OF MN ST. PAUL, MN US",44.9902,-93.17995,295.7,7/27/18,0.01,72,60,18.2
USC00218450,"UNIVERSITY OF MN ST. PAUL, MN US",44.9902,-93.17995,295.7,7/28/18,0,79,57,18.2
USC00218450,"UNIVERSITY OF MN ST. PAUL, MN US",44.9902,-93.17995,295.7,7/29/18,0.09,82,60,18.29
USC00218450,"UNIVERSITY OF MN ST. PAUL, MN US",44.9902,-93.17995,295.7,7/30/18,0,84,61,18.29
USC00218450,"UNIVERSITY OF MN ST. PAUL, MN US",44.9902,-93.17995,295.7,7/31/18,0,85,62,18.29
USC00218450,"UNIVERSITY OF MN ST. PAUL, MN US",44.9902,-93.17995,295.7,8/1/18,0.08,87,68,18.37
USC00218450,"UNIVERSITY OF MN ST. PAUL, MN US",44.9902,-93.17995,295.7,8/2/18,0.04,80,58,18.41
USC00218450,"UNIVERSITY OF MN ST. PAUL, MN US",44.9902,-93.17995,295.7,8/3/18,0,74,59,18.41
USC00218450,"UNIVERSITY OF MN ST. PAUL, MN US",44.9902,-93.17995,295.7,8/4/18,0.78,84,66,19.19
USC00218450,"UNIVERSITY OF MN ST. PAUL, MN US",44.9902,-93.17995,295.7,8/5/18,0.04,79,73,19.23
USC00218450,"UNIVERSITY OF MN ST. PAUL, MN US",44.9902,-93.17995,295.7,8/6/18,0,87,69,19.23
USC00218450,"UNIVERSITY OF MN ST. PAUL, MN US",44.9902,-93.17995,295.7,8/7/18,0,84,67,19.23
USC00218450,"UNIVERSITY OF MN ST. PAUL, MN US",44.9902,-93.17995,295.7,8/8/18,0.02,82,67,19.25
USC00218450,"UNIVERSITY OF MN ST. PAUL, MN US",44.9902,-93.17995,295.7,8/9/18,0,89,71,19.25
USC00218450,"UNIVERSITY OF MN ST. PAUL, MN US",44.9902,-93.17995,295.7,8/10/18,0,88,62,19.25
USC00218450,"UNIVERSITY OF MN ST. PAUL, MN US",44.9902,-93.17995,295.7,8/11/18,0,87,69,19.25
USC00218450,"UNIVERSITY OF MN ST. PAUL, MN US",44.9902,-93.17995,295.7,8/12/18,0,89,66,19.25
USC00218450,"UNIVERSITY OF MN ST. PAUL, MN US",44.9902,-93.17995,295.7,8/13/18,0,89,73,19.25
USC00218450,"UNIVERSITY OF MN ST. PAUL, MN US",44.9902,-93.17995,295.7,8/14/18,0,91,75,19.25
USC00218450,"UNIVERSITY OF MN ST. PAUL, MN US",44.9902,-93.17995,295.7,8/15/18,0,91,68,19.25
USC00218450,"UNIVERSITY OF MN ST. PAUL, MN US",44.9902,-93.17995,295.7,8/16/18,0,85,66,19.25
USC00218450,"UNIVERSITY OF MN ST. PAUL, MN US",44.9902,-93.17995,295.7,8/17/18,0,86,68,19.25
USC00218450,"UNIVERSITY OF MN ST. PAUL, MN US",44.9902,-93.17995,295.7,8/18/18,0,84,67,19.25
USC00218450,"UNIVERSITY OF MN ST. PAUL, MN US",44.9902,-93.17995,295.7,8/19/18,0,86,64,19.25
USC00218450,"UNIVERSITY OF MN ST. PAUL, MN US",44.9902,-93.17995,295.7,8/20/18,0.08,86,72,19.33
USC00218450,"UNIVERSITY OF MN ST. PAUL, MN US",44.9902,-93.17995,295.7,8/21/18,0.05,80,67,19.38
USC00218450,"UNIVERSITY OF MN ST. PAUL, MN US",44.9902,-93.17995,295.7,8/22/18,0,75,58,19.38
USC00218450,"UNIVERSITY OF MN ST. PAUL, MN US",44.9902,-93.17995,295.7,8/23/18,0,83,54,19.38
USC00218450,"UNIVERSITY OF MN ST. PAUL, MN US",44.9902,-93.17995,295.7,8/24/18,0.1,82,67,19.48
USC00218450,"UNIVERSITY OF MN ST. PAUL, MN US",44.9902,-93.17995,295.7,8/25/18,1.25,71,65,20.73
USC00218450,"UNIVERSITY OF MN ST. PAUL, MN US",44.9902,-93.17995,295.7,8/26/18,0,81,68,20.73
USC00218450,"UNIVERSITY OF MN ST. PAUL, MN US",44.9902,-93.17995,295.7,8/27/18,0.02,87,71,20.75
USC00218450,"UNIVERSITY OF MN ST. PAUL, MN US",44.9902,-93.17995,295.7,8/28/18,0.18,85,65,20.93
USC00218450,"UNIVERSITY OF MN ST. PAUL, MN US",44.9902,-93.17995,295.7,8/29/18,0.22,68,55,21.15
USC00218450,"UNIVERSITY OF MN ST. PAUL, MN US",44.9902,-93.17995,295.7,8/30/18,0,75,56,21.15
USC00218450,"UNIVERSITY OF MN ST. PAUL, MN US",44.9902,-93.17995,295.7,8/31/18,0.05,78,61,21.2
USC00218450,"UNIVERSITY OF MN ST. PAUL, MN US",44.9902,-93.17995,295.7,9/1/18,0,86,72,21.2
USC00218450,"UNIVERSITY OF MN ST. PAUL, MN US",44.9902,-93.17995,295.7,9/2/18,0,89,74,21.2
USC00218450,"UNIVERSITY OF MN ST. PAUL, MN US",44.9902,-93.17995,295.7,9/3/18,0.27,83,69,21.47
USC00218450,"UNIVERSITY OF MN ST. PAUL, MN US",44.9902,-93.17995,295.7,9/4/18,0.03,79,70,21.5
USC00218450,"UNIVERSITY OF MN ST. PAUL, MN US",44.9902,-93.17995,295.7,9/5/18,1.77,78,68,23.27
USC00218450,"UNIVERSITY OF MN ST. PAUL, MN US",44.9902,-93.17995,295.7,9/6/18,0,75,55,23.27
USC00218450,"UNIVERSITY OF MN ST. PAUL, MN US",44.9902,-93.17995,295.7,9/7/18,0,76,58,23.27
USC00218450,"UNIVERSITY OF MN ST. PAUL, MN US",44.9902,-93.17995,295.7,9/8/18,0,78,58,23.27
USC00218450,"UNIVERSITY OF MN ST. PAUL, MN US",44.9902,-93.17995,295.7,9/9/18,0,76,51,23.27
USC00218450,"UNIVERSITY OF MN ST. PAUL, MN US",44.9902,-93.17995,295.7,9/10/18,0,76,57,23.27
USC00218450,"UNIVERSITY OF MN ST. PAUL, MN US",44.9902,-93.17995,295.7,9/11/18,0,81,59,23.27
USC00218450,"UNIVERSITY OF MN ST. PAUL, MN US",44.9902,-93.17995,295.7,9/12/18,0,85,67,23.27
USC00218450,"UNIVERSITY OF MN ST. PAUL, MN US",44.9902,-93.17995,295.7,9/13/18,0,86,67,23.27
USC00218450,"UNIVERSITY OF MN ST. PAUL, MN US",44.9902,-93.17995,295.7,9/14/18,0,87,68,23.27
USC00218450,"UNIVERSITY OF MN ST. PAUL, MN US",44.9902,-93.17995,295.7,9/15/18,0,88,74,23.27
USC00218450,"UNIVERSITY OF MN ST. PAUL, MN US",44.9902,-93.17995,295.7,9/16/18,0,93,72,23.27
USC00218450,"UNIVERSITY OF MN ST. PAUL, MN US",44.9902,-93.17995,295.7,9/17/18,0,91,74,23.27
USC00218450,"UNIVERSITY OF MN ST. PAUL, MN US",44.9902,-93.17995,295.7,9/18/18,1.09,79,63,24.36
USC00218450,"UNIVERSITY OF MN ST. PAUL, MN US",44.9902,-93.17995,295.7,9/19/18,0.04,66,63,24.4
USC00218450,"UNIVERSITY OF MN ST. PAUL, MN US",44.9902,-93.17995,295.7,9/20/18,0.24,67,61,24.64
USC00218450,"UNIVERSITY OF MN ST. PAUL, MN US",44.9902,-93.17995,295.7,9/21/18,3.37,70,58,28.01
USC00218450,"UNIVERSITY OF MN ST. PAUL, MN US",44.9902,-93.17995,295.7,9/22/18,0,62,48,28.01
USC00218450,"UNIVERSITY OF MN ST. PAUL, MN US",44.9902,-93.17995,295.7,9/23/18,0,70,52,28.01
USC00218450,"UNIVERSITY OF MN ST. PAUL, MN US",44.9902,-93.17995,295.7,9/24/18,0,78,37,28.01
USC00218450,"UNIVERSITY OF MN ST. PAUL, MN US",44.9902,-93.17995,295.7,9/25/18,0.28,78,56,28.29
USC00218450,"UNIVERSITY OF MN ST. PAUL, MN US",44.9902,-93.17995,295.7,9/26/18,0.1,58,45,28.39
USC00218450,"UNIVERSITY OF MN ST. PAUL, MN US",44.9902,-93.17995,295.7,9/27/18,0,63,48,28.39
USC00218450,"UNIVERSITY OF MN ST. PAUL, MN US",44.9902,-93.17995,295.7,9/28/18,0,61,43,28.39
USC00218450,"UNIVERSITY OF MN ST. PAUL, MN US",44.9902,-93.17995,295.7,9/29/18,0,55,34,28.39
USC00218450,"UNIVERSITY OF MN ST. PAUL, MN US",44.9902,-93.17995,295.7,9/30/18,0,46,38,28.39
USC00218450,"UNIVERSITY OF MN ST. PAUL, MN US",44.9902,-93.17995,295.7,10/1/18,0.01,53,42,28.4
USC00218450,"UNIVERSITY OF MN ST. PAUL, MN US",44.9902,-93.17995,295.7,10/2/18,0.26,49,45,28.66
USC00218450,"UNIVERSITY OF MN ST. PAUL, MN US",44.9902,-93.17995,295.7,10/3/18,0.03,58,48,28.69
USC00218450,"UNIVERSITY OF MN ST. PAUL, MN US",44.9902,-93.17995,295.7,10/4/18,0.68,78,36,29.37
USC00218450,"UNIVERSITY OF MN ST. PAUL, MN US",44.9902,-93.17995,295.7,10/5/18,0.26,48,37,29.63
USC00218450,"UNIVERSITY OF MN ST. PAUL, MN US",44.9902,-93.17995,295.7,10/6/18,0.03,51,43,29.66
USC00218450,"UNIVERSITY OF MN ST. PAUL, MN US",44.9902,-93.17995,295.7,10/7/18,0,47,42,29.66
USC00218450,"UNIVERSITY OF MN ST. PAUL, MN US",44.9902,-93.17995,295.7,10/8/18,0.12,52,45,29.78
USC00218450,"UNIVERSITY OF MN ST. PAUL, MN US",44.9902,-93.17995,295.7,10/9/18,0.33,54,48,30.11
USC00218450,"UNIVERSITY OF MN ST. PAUL, MN US",44.9902,-93.17995,295.7,10/10/18,1.26,50,45,31.37
USC00218450,"UNIVERSITY OF MN ST. PAUL, MN US",44.9902,-93.17995,295.7,10/11/18,0,53,37,31.37
USC00218450,"UNIVERSITY OF MN ST. PAUL, MN US",44.9902,-93.17995,295.7,10/12/18,0,40,33,31.37
USC00218450,"UNIVERSITY OF MN ST. PAUL, MN US",44.9902,-93.17995,295.7,10/13/18,0,47,34,31.37
USC00218450,"UNIVERSITY OF MN ST. PAUL, MN US",44.9902,-93.17995,295.7,10/14/18,0,56,37,31.37
USC00218450,"UNIVERSITY OF MN ST. PAUL, MN US",44.9902,-93.17995,295.7,10/15/18,0.06,40,32,31.43
USC00218450,"UNIVERSITY OF MN ST. PAUL, MN US",44.9902,-93.17995,295.7,10/16/18,0,43,32,31.43
USC00218450,"UNIVERSITY OF MN ST. PAUL, MN US",44.9902,-93.17995,295.7,10/17/18,0,53,32,31.43
USC00218450,"UNIVERSITY OF MN ST. PAUL, MN US",44.9902,-93.17995,295.7,10/18/18,0,47,29,31.43
USC00218450,"UNIVERSITY OF MN ST. PAUL, MN US",44.9902,-93.17995,295.7,10/19/18,0,69,35,31.43
USC00218450,"UNIVERSITY OF MN ST. PAUL, MN US",44.9902,-93.17995,295.7,10/20/18,0,63,33,31.43
USC00218450,"UNIVERSITY OF MN ST. PAUL, MN US",44.9902,-93.17995,295.7,10/21/18,0,41,26,31.43
USC00218450,"UNIVERSITY OF MN ST. PAUL, MN US",44.9902,-93.17995,295.7,10/22/18,0,56,27,31.43
USC00218450,"UNIVERSITY OF MN ST. PAUL, MN US",44.9902,-93.17995,295.7,10/23/18,0,58,29,31.43
USC00218450,"UNIVERSITY OF MN ST. PAUL, MN US",44.9902,-93.17995,295.7,10/24/18,0,46,27,31.43
USC00218450,"UNIVERSITY OF MN ST. PAUL, MN US",44.9902,-93.17995,295.7,10/25/18,0,51,29,31.43
USC00218450,"UNIVERSITY OF MN ST. PAUL, MN US",44.9902,-93.17995,295.7,10/26/18,0,52,43,31.43
USC00218450,"UNIVERSITY OF MN ST. PAUL, MN US",44.9902,-93.17995,295.7,10/27/18,0.13,47,42,31.56
USC00218450,"UNIVERSITY OF MN ST. PAUL, MN US",44.9902,-93.17995,295.7,10/28/18,0.21,51,43,31.77
USC00218450,"UNIVERSITY OF MN ST. PAUL, MN US",44.9902,-93.17995,295.7,10/29/18,0,53,34,31.77
USC00218450,"UNIVERSITY OF MN ST. PAUL, MN US",44.9902,-93.17995,295.7,10/30/18,0.02,45,38,31.79
USC00218450,"UNIVERSITY OF MN ST. PAUL, MN US",44.9902,-93.17995,295.7,10/31/18,0,51,36,31.79
USC00218450,"UNIVERSITY OF MN ST. PAUL, MN US",44.9902,-93.17995,295.7,11/1/18,0,51,32,31.79
USC00218450,"UNIVERSITY OF MN ST. PAUL, MN US",44.9902,-93.17995,295.7,11/2/18,0,49,31,31.79
USC00218450,"UNIVERSITY OF MN ST. PAUL, MN US",44.9902,-93.17995,295.7,11/3/18,0,44,31,31.79
USC00218450,"UNIVERSITY OF MN ST. PAUL, MN US",44.9902,-93.17995,295.7,11/4/18,0.1,44,34,31.89
USC00218450,"UNIVERSITY OF MN ST. PAUL, MN US",44.9902,-93.17995,295.7,11/5/18,0.17,36,34,32.06
USC00218450,"UNIVERSITY OF MN ST. PAUL, MN US",44.9902,-93.17995,295.7,11/6/18,0.57,42,35,32.63
USC00218450,"UNIVERSITY OF MN ST. PAUL, MN US",44.9902,-93.17995,295.7,11/7/18,0.04,40,27,32.67
USC00218450,"UNIVERSITY OF MN ST. PAUL, MN US",44.9902,-93.17995,295.7,11/8/18,0,30,21,32.67
USC00218450,"UNIVERSITY OF MN ST. PAUL, MN US",44.9902,-93.17995,295.7,11/9/18,0.13,25,17,32.8
USC00218450,"UNIVERSITY OF MN ST. PAUL, MN US",44.9902,-93.17995,295.7,11/10/18,0,21,5,32.8
USC00218450,"UNIVERSITY OF MN ST. PAUL, MN US",44.9902,-93.17995,295.7,11/11/18,0,25,6,32.8
USC00218450,"UNIVERSITY OF MN ST. PAUL, MN US",44.9902,-93.17995,295.7,11/12/18,0,27,17,32.8
USC00218450,"UNIVERSITY OF MN ST. PAUL, MN US",44.9902,-93.17995,295.7,11/13/18,0,19,5,32.8
USC00218450,"UNIVERSITY OF MN ST. PAUL, MN US",44.9902,-93.17995,295.7,11/14/18,0,20,5,32.8
USC00218450,"UNIVERSITY OF MN ST. PAUL, MN US",44.9902,-93.17995,295.7,11/15/18,0,41,16,32.8
USC00218450,"UNIVERSITY OF MN ST. PAUL, MN US",44.9902,-93.17995,295.7,11/16/18,0.01,42,27,32.81
USC00218450,"UNIVERSITY OF MN ST. PAUL, MN US",44.9902,-93.17995,295.7,11/17/18,0,30,20,32.81
USC00218450,"UNIVERSITY OF MN ST. PAUL, MN US",44.9902,-93.17995,295.7,11/18/18,0,26,6,32.81
USC00218450,"UNIVERSITY OF MN ST. PAUL, MN US",44.9902,-93.17995,295.7,11/19/18,0,26,6,32.81
USC00218450,"UNIVERSITY OF MN ST. PAUL, MN US",44.9902,-93.17995,295.7,11/20/18,0,25,13,32.81
USC00218450,"UNIVERSITY OF MN ST. PAUL, MN US",44.9902,-93.17995,295.7,11/21/18,0,31,12,32.81
USC00218450,"UNIVERSITY OF MN ST. PAUL, MN US",44.9902,-93.17995,295.7,11/22/18,0,26,20,32.81
USC00218450,"UNIVERSITY OF MN ST. PAUL, MN US",44.9902,-93.17995,295.7,11/23/18,0,39,26,32.81
USC00218450,"UNIVERSITY OF MN ST. PAUL, MN US",44.9902,-93.17995,295.7,11/24/18,0.27,44,36,33.08
USC00218450,"UNIVERSITY OF MN ST. PAUL, MN US",44.9902,-93.17995,295.7,11/25/18,0,36,22,33.08
USC00218450,"UNIVERSITY OF MN ST. PAUL, MN US",44.9902,-93.17995,295.7,11/26/18,0,26,13,33.08
USC00218450,"UNIVERSITY OF MN ST. PAUL, MN US",44.9902,-93.17995,295.7,11/27/18,0,22,10,33.08
USC00218450,"UNIVERSITY OF MN ST. PAUL, MN US",44.9902,-93.17995,295.7,11/28/18,0,23,11,33.08
USC00218450,"UNIVERSITY OF MN ST. PAUL, MN US",44.9902,-93.17995,295.7,11/29/18,0.12,25,15,33.2
USC00218450,"UNIVERSITY OF MN ST. PAUL, MN US",44.9902,-93.17995,295.7,11/30/18,0,29,23,33.2
USC00218450,"UNIVERSITY OF MN ST. PAUL, MN US",44.9902,-93.17995,295.7,12/1/18,0,29,25,33.2
USC00218450,"UNIVERSITY OF MN ST. PAUL, MN US",44.9902,-93.17995,295.7,12/2/18,0.15,32,25,33.35
USC00218450,"UNIVERSITY OF MN ST. PAUL, MN US",44.9902,-93.17995,295.7,12/3/18,0,30,24,33.35
USC00218450,"UNIVERSITY OF MN ST. PAUL, MN US",44.9902,-93.17995,295.7,12/4/18,0,25,20,33.35
USC00218450,"UNIVERSITY OF MN ST. PAUL, MN US",44.9902,-93.17995,295.7,12/5/18,0,25,19,33.35
USC00218450,"UNIVERSITY OF MN ST. PAUL, MN US",44.9902,-93.17995,295.7,12/6/18,0.01,27,16,33.36
USC00218450,"UNIVERSITY OF MN ST. PAUL, MN US",44.9902,-93.17995,295.7,12/7/18,0,17,4,33.36
USC00218450,"UNIVERSITY OF MN ST. PAUL, MN US",44.9902,-93.17995,295.7,12/8/18,0,23,8,33.36
USC00218450,"UNIVERSITY OF MN ST. PAUL, MN US",44.9902,-93.17995,295.7,12/9/18,0,24,11,33.36
USC00218450,"UNIVERSITY OF MN ST. PAUL, MN US",44.9902,-93.17995,295.7,12/10/18,0,28,11,33.36
USC00218450,"UNIVERSITY OF MN ST. PAUL, MN US",44.9902,-93.17995,295.7,12/11/18,0,23,9,33.36
USC00218450,"UNIVERSITY OF MN ST. PAUL, MN US",44.9902,-93.17995,295.7,12/12/18,0,25,10,33.36
USC00218450,"UNIVERSITY OF MN ST. PAUL, MN US",44.9902,-93.17995,295.7,12/13/18,0,27,22,33.36
USC00218450,"UNIVERSITY OF MN ST. PAUL, MN US",44.9902,-93.17995,295.7,12/14/18,0,30,22,33.36
USC00218450,"UNIVERSITY OF MN ST. PAUL, MN US",44.9902,-93.17995,295.7,12/15/18,0,39,19,33.36
USC00218450,"UNIVERSITY OF MN ST. PAUL, MN US",44.9902,-93.17995,295.7,12/16/18,0,42,22,33.36
USC00218450,"UNIVERSITY OF MN ST. PAUL, MN US",44.9902,-93.17995,295.7,12/17/18,0,43,22,33.36
USC00218450,"UNIVERSITY OF MN ST. PAUL, MN US",44.9902,-93.17995,295.7,12/18/18,0,36,21,33.36
USC00218450,"UNIVERSITY OF MN ST. PAUL, MN US",44.9902,-93.17995,295.7,12/19/18,0,42,25,33.36
USC00218450,"UNIVERSITY OF MN ST. PAUL, MN US",44.9902,-93.17995,295.7,12/20/18,0,40,32,33.36
USC00218450,"UNIVERSITY OF MN ST. PAUL, MN US",44.9902,-93.17995,295.7,12/21/18,0,35,21,33.36
USC00218450,"UNIVERSITY OF MN ST. PAUL, MN US",44.9902,-93.17995,295.7,12/22/18,0,24,21,33.36
USC00218450,"UNIVERSITY OF MN ST. PAUL, MN US",44.9902,-93.17995,295.7,12/23/18,0.03,30,24,33.39
USC00218450,"UNIVERSITY OF MN ST. PAUL, MN US",44.9902,-93.17995,295.7,12/24/18,0,25,12,33.39
USC00218450,"UNIVERSITY OF MN ST. PAUL, MN US",44.9902,-93.17995,295.7,12/25/18,0,25,12,33.39
USC00218450,"UNIVERSITY OF MN ST. PAUL, MN US",44.9902,-93.17995,295.7,12/26/18,0,26,17,33.39
USC00218450,"UNIVERSITY OF MN ST. PAUL, MN US",44.9902,-93.17995,295.7,12/27/18,0.45,35,20,33.84
USC00218450,"UNIVERSITY OF MN ST. PAUL, MN US",44.9902,-93.17995,295.7,12/28/18,0.68,35,22,34.52
USC00218450,"UNIVERSITY OF MN ST. PAUL, MN US",44.9902,-93.17995,295.7,12/29/18,0,22,9,34.52
USC00218450,"UNIVERSITY OF MN ST. PAUL, MN US",44.9902,-93.17995,295.7,12/30/18,0,19,9,34.52
USC00218450,"UNIVERSITY OF MN ST. PAUL, MN US",44.9902,-93.17995,295.7,12/31/18,0,30,19,34.52